alpha,N,TBR,TBR_transformed,PBS,PBS_transformed,counter,counter_transformed,explained_variance_score,mean_relative_error,mean_bias_error,mean_absolute_error,mean_absolute_percentage_error,mean_squared_error,root_mean_squared_error,mean_squared_log_error,max_error,covariance,correlation,coefficient_of_determination,pearson_correlation_coefficient,willmott_index,confidence_index,nash_sutcliffe_efficiency
0.025,10,249,403,0.36962025316455693,-0.020253164556962133,"{'T': 284, 'H': 276, 'E': 298, 'R': 267, 'P': 214, 'U': 241, 'B': 212, 'L': 250, 'I': 274, 'C': 229, 'Y': 227, 'A': 278, 'O': 274, 'N': 274, 'S': 272, 'K': 171, 'V': 196, 'X': 118, 'W': 227, 'D': 248, 'G': 216, 'F': 227, 'M': 229, 'Q': 113, 'J': 134, 'Z': 67, '3': 6, '2': 11, '1': 17, '6': 5, '4': 9, '5': 7, '0': 28, '7': 8, '9': 5, '8': 1}","{'T': 44425, 'H': 36462, 'E': 62772, 'R': 29196, 'P': 7887, 'U': 15363, 'B': 7507, 'L': 19187, 'I': 34705, 'C': 11423, 'Y': 10873, 'A': 38307, 'O': 34705, 'N': 34705, 'S': 33032, 'K': 2727, 'V': 5057, 'X': 736, 'W': 10873, 'D': 18262, 'G': 8286, 'F': 10873, 'M': 11423, 'Q': 650, 'J': 1093, 'Z': 208, '3': 6, '2': 51, '1': 60, '6': 5, '4': 49, '5': 7, '0': 79, '7': 8, '9': 5, '8': 1}",0.9969700391993241,0.32870559626367707,-282.52777777777777,528.3611111111111,0.32870559626367707,911951.6944444445,954.9616193567387,0.1733081236896873,2732,266712939.51234573,0.9988367234935862,0.9966793905772041,0.9988367234935862,0.9991459236850602,0.9979836407055582,0.9966793905772041
0.05,10,232,399,0.41265822784810124,-0.010126582278481067,"{'T': 158, 'H': 151, 'E': 163, 'R': 151, 'P': 123, 'U': 136, 'B': 123, 'L': 139, 'I': 152, 'C': 131, 'Y': 129, 'A': 156, 'O': 152, 'N': 154, 'S': 151, 'K': 102, 'V': 111, 'X': 73, 'W': 131, 'D': 141, 'G': 122, 'F': 130, 'M': 130, 'Q': 73, 'J': 81, 'Z': 47, '3': 6, '2': 11, '1': 14, '6': 5, '4': 9, '5': 7, '0': 24, '7': 8, '9': 5, '8': 1}","{'T': 44558, 'H': 31667, 'E': 56869, 'R': 31667, 'P': 8077, 'U': 15232, 'B': 8077, 'L': 17633, 'I': 33250, 'C': 11934, 'Y': 10825, 'A': 40416, 'O': 33250, 'N': 36658, 'S': 31667, 'K': 2899, 'V': 4497, 'X': 703, 'W': 11934, 'D': 19440, 'G': 7693, 'F': 11366, 'M': 11366, 'Q': 703, 'J': 1040, 'Z': 197, '3': 6, '2': 33, '1': 39, '6': 5, '4': 30, '5': 7, '0': 64, '7': 8, '9': 5, '8': 1}",0.9895671948570882,0.19696491469191293,-482.30555555555554,842.3055555555555,0.19696491469191293,3097819.9166666665,1760.0624752169074,0.08293690605737383,7609,256936580.25925928,0.996431535198216,0.9887201810489813,0.996431535198216,0.9969948707145965,0.9934371296108923,0.9887201810489813
0.07500000000000001,10,212,398,0.46329113924050636,-0.0075949367088608,"{'T': 111, 'H': 108, 'E': 117, 'R': 107, 'P': 88, 'U': 95, 'B': 88, 'L': 101, 'I': 109, 'C': 93, 'Y': 93, 'A': 110, 'O': 109, 'N': 109, 'S': 110, 'K': 75, 'V': 79, 'X': 53, 'W': 92, 'D': 101, 'G': 89, 'F': 92, 'M': 92, 'Q': 53, 'J': 60, 'Z': 35, '3': 6, '2': 10, '1': 13, '6': 5, '4': 9, '5': 7, '0': 20, '7': 8, '9': 5, '8': 1}","{'T': 40857, 'H': 32888, 'E': 63055, 'R': 30594, 'P': 7742, 'U': 12844, 'B': 7742, 'L': 19823, 'I': 35355, 'C': 11114, 'Y': 11114, 'A': 38007, 'O': 35355, 'N': 35355, 'S': 38007, 'K': 3023, 'V': 4037, 'X': 615, 'W': 10339, 'D': 19823, 'G': 8322, 'F': 10339, 'M': 10339, 'Q': 615, 'J': 1021, 'Z': 167, '3': 6, '2': 26, '1': 33, '6': 5, '4': 25, '5': 7, '0': 56, '7': 8, '9': 5, '8': 1}",0.9907247156426039,0.15760209446400503,-347.6388888888889,835.8055555555555,0.15760209446400503,2668159.6944444445,1633.4502424146394,0.05553869544231235,6195,266650302.83333328,0.9955584689756924,0.99028466499172,0.9955584689756924,0.9975050307268986,0.9930745811860222,0.99028466499172
0.1,10,211,398,0.4658227848101266,-0.0075949367088608,"{'T': 89, 'H': 86, 'E': 92, 'R': 85, 'P': 71, 'U': 76, 'B': 70, 'L': 80, 'I': 84, 'C': 75, 'Y': 74, 'A': 87, 'O': 85, 'N': 86, 'S': 84, 'K': 58, 'V': 65, 'X': 43, 'W': 73, 'D': 78, 'G': 71, 'F': 72, 'M': 74, 'Q': 44, 'J': 49, 'Z': 32, '3': 6, '2': 10, '1': 12, '6': 5, '4': 8, '5': 7, '0': 18, '7': 8, '9': 5, '8': 1}","{'T': 48299, 'H': 36288, 'E': 64287, 'R': 32989, 'P': 8686, 'U': 13990, 'B': 7896, 'L': 20483, 'I': 29990, 'C': 12718, 'Y': 11562, 'A': 39917, 'O': 32989, 'N': 36288, 'S': 29990, 'K': 2515, 'V': 4903, 'X': 601, 'W': 10511, 'D': 16928, 'G': 8686, 'F': 9555, 'M': 11562, 'Q': 662, 'J': 1066, 'Z': 210, '3': 6, '2': 25, '1': 30, '6': 5, '4': 8, '5': 7, '0': 55, '7': 8, '9': 5, '8': 1}",0.9894760440579689,0.1119973333256345,-207.16666666666666,925.4444444444445,0.1119973333256345,2933152.388888889,1712.6448519435921,0.027203671939780346,6069,270248859.6705246,0.9947393199744158,0.9893197704216404,0.9947393199744158,0.9972939616012981,0.9920475171778664,0.9893197704216404
0.125,10,200,398,0.49367088607594933,-0.0075949367088608,"{'T': 73, 'H': 71, 'E': 76, 'R': 70, 'P': 60, 'U': 62, 'B': 58, 'L': 67, 'I': 71, 'C': 62, 'Y': 60, 'A': 73, 'O': 72, 'N': 71, 'S': 71, 'K': 49, 'V': 54, 'X': 37, 'W': 62, 'D': 66, 'G': 58, 'F': 60, 'M': 62, 'Q': 38, 'J': 41, 'Z': 27, '3': 6, '2': 9, '1': 12, '6': 5, '4': 8, '5': 7, '0': 17, '7': 8, '9': 5, '8': 1}","{'T': 43372, 'H': 34269, 'E': 61755, 'R': 30462, 'P': 9380, 'U': 11872, 'B': 7411, 'L': 21394, 'I': 34269, 'C': 11872, 'Y': 9380, 'A': 43372, 'O': 38553, 'N': 34269, 'S': 34269, 'K': 2567, 'V': 4626, 'X': 624, 'W': 11872, 'D': 19017, 'G': 7411, 'F': 9380, 'M': 11872, 'Q': 702, 'J': 1000, 'Z': 191, '3': 6, '2': 22, '1': 32, '6': 5, '4': 8, '5': 7, '0': 58, '7': 8, '9': 5, '8': 1}",0.9932200886155751,0.10741700024102876,-162.94444444444446,851.1111111111111,0.10741700024102876,1888543.9444444445,1374.2430441681138,0.025806661787447407,3680,270547649.7229939,0.9966379587767754,0.99312341118999,0.9966379587767754,0.9982583755706697,0.9949021897605719,0.99312341118999
0.15000000000000002,10,189,397,0.5215189873417722,-0.005063291139240533,"{'T': 63, 'H': 61, 'E': 66, 'R': 59, 'P': 50, 'U': 55, 'B': 49, 'L': 56, 'I': 62, 'C': 53, 'Y': 52, 'A': 63, 'O': 61, 'N': 61, 'S': 62, 'K': 42, 'V': 47, 'X': 32, 'W': 54, 'D': 58, 'G': 50, 'F': 53, 'M': 53, 'Q': 32, 'J': 35, 'Z': 26, '3': 6, '2': 9, '1': 11, '6': 5, '4': 8, '5': 7, '0': 15, '7': 8, '9': 5, '8': 1}","{'T': 44449, 'H': 33610, 'E': 67602, 'R': 25413, 'P': 7223, 'U': 14530, 'B': 6281, 'L': 16709, 'I': 38651, 'C': 10986, 'Y': 9553, 'A': 44449, 'O': 33610, 'N': 33610, 'S': 38651, 'K': 2361, 'V': 4749, 'X': 583, 'W': 12634, 'D': 22099, 'G': 7223, 'F': 10986, 'M': 10986, 'Q': 583, 'J': 887, 'Z': 251, '3': 6, '2': 22, '1': 30, '6': 5, '4': 8, '5': 7, '0': 53, '7': 8, '9': 5, '8': 1}",0.9871822912400893,0.12359857552841344,-65.69444444444444,1148.4166666666667,0.12359857552841344,3524492.25,1877.3631108552229,0.027162113513629033,6077,279966862.8966048,0.9940676204999603,0.9871665766430198,0.9940676204999603,0.9968626335008566,0.9909488660495206,0.9871665766430198
0.17500000000000002,10,186,395,0.5291139240506328,0.0,"{'T': 56, 'H': 54, 'E': 58, 'R': 52, 'P': 45, 'U': 49, 'B': 44, 'L': 50, 'I': 54, 'C': 47, 'Y': 46, 'A': 55, 'O': 55, 'N': 54, 'S': 52, 'K': 38, 'V': 40, 'X': 29, 'W': 47, 'D': 50, 'G': 45, 'F': 48, 'M': 47, 'Q': 27, 'J': 34, 'Z': 23, '3': 6, '2': 9, '1': 10, '6': 5, '4': 8, '5': 7, '0': 14, '7': 8, '9': 5, '8': 1}","{'T': 47761, 'H': 34593, 'E': 65940, 'R': 25056, 'P': 8102, 'U': 15445, 'B': 6895, 'L': 18148, 'I': 34593, 'C': 11187, 'Y': 9520, 'A': 40648, 'O': 40648, 'N': 34593, 'S': 25056, 'K': 2620, 'V': 3617, 'X': 613, 'W': 11187, 'D': 18148, 'G': 8102, 'F': 13145, 'M': 11187, 'Q': 444, 'J': 1374, 'Z': 232, '3': 6, '2': 23, '1': 28, '6': 5, '4': 8, '5': 7, '0': 54, '7': 8, '9': 5, '8': 1}",0.9903758044260998,0.12513408651578986,-338.3333333333333,868.8333333333334,0.12513408651578986,2757599.1666666665,1660.60204945877,0.03190451070064858,7518,273141672.58256173,0.9951851034375251,0.9899589969151757,0.9951851034375251,0.9974823901988576,0.9926796156671599,0.9899589969151757
0.2,10,185,394,0.5316455696202531,0.0025316455696202667,"{'T': 50, 'H': 48, 'E': 52, 'R': 48, 'P': 41, 'U': 44, 'B': 40, 'L': 45, 'I': 49, 'C': 43, 'Y': 42, 'A': 48, 'O': 48, 'N': 48, 'S': 49, 'K': 34, 'V': 37, 'X': 28, 'W': 43, 'D': 46, 'G': 41, 'F': 42, 'M': 42, 'Q': 28, 'J': 29, 'Z': 19, '3': 6, '2': 8, '1': 10, '6': 5, '4': 9, '5': 7, '0': 12, '7': 8, '9': 5, '8': 1}","{'T': 45501, 'H': 31598, 'E': 65522, 'R': 31598, 'P': 8818, 'U': 15238, 'B': 7348, 'L': 18285, 'I': 37917, 'C': 12698, 'Y': 10581, 'A': 31598, 'O': 31598, 'N': 31598, 'S': 37917, 'K': 2460, 'V': 4252, 'X': 823, 'W': 12698, 'D': 21943, 'G': 8818, 'F': 10581, 'M': 10581, 'Q': 823, 'J': 988, 'Z': 159, '3': 6, '2': 8, '1': 30, '6': 5, '4': 25, '5': 7, '0': 44, '7': 8, '9': 5, '8': 1}",0.9813087870314743,0.14532462900082768,-252.75,1210.25,0.14532462900082768,5197122.027777778,2279.7197257070393,0.044108739370727866,8680,265961892.8765431,0.9906980063015407,0.9810761770804405,0.9906980063015407,0.9951385362471632,0.985881763853898,0.9810761770804405
0.225,10,184,398,0.5341772151898734,-0.0075949367088608,"{'T': 45, 'H': 44, 'E': 46, 'R': 43, 'P': 37, 'U': 40, 'B': 37, 'L': 41, 'I': 45, 'C': 38, 'Y': 39, 'A': 45, 'O': 45, 'N': 44, 'S': 44, 'K': 31, 'V': 35, 'X': 23, 'W': 39, 'D': 41, 'G': 38, 'F': 39, 'M': 39, 'Q': 24, 'J': 27, 'Z': 19, '3': 6, '2': 9, '1': 10, '6': 5, '4': 8, '5': 7, '0': 12, '7': 8, '9': 5, '8': 1}","{'T': 41108, 'H': 33558, 'E': 50358, 'R': 27394, 'P': 8106, 'U': 14902, 'B': 8106, 'L': 18255, 'I': 41108, 'C': 9930, 'Y': 12164, 'A': 41108, 'O': 41108, 'N': 33558, 'S': 33558, 'K': 2398, 'V': 5401, 'X': 472, 'W': 12164, 'D': 18255, 'G': 9930, 'F': 12164, 'M': 12164, 'Q': 579, 'J': 1064, 'Z': 209, '3': 6, '2': 27, '1': 33, '6': 5, '4': 8, '5': 7, '0': 50, '7': 8, '9': 5, '8': 1}",0.9706692300464534,0.13317515708145045,-330.77777777777777,1276.1666666666667,0.13317515708145045,8164635.722222222,2857.38266989604,0.03653411806397101,14120,253016097.94984573,0.9866439634820757,0.9702708307051032,0.9866439634820757,0.9919972520855869,0.9787481005610512,0.9702708307051032
0.25,10,183,397,0.5367088607594936,-0.005063291139240533,"{'T': 42, 'H': 42, 'E': 44, 'R': 40, 'P': 33, 'U': 37, 'B': 35, 'L': 38, 'I': 40, 'C': 36, 'Y': 36, 'A': 42, 'O': 41, 'N': 41, 'S': 39, 'K': 29, 'V': 31, 'X': 23, 'W': 36, 'D': 38, 'G': 34, 'F': 35, 'M': 36, 'Q': 23, 'J': 25, 'Z': 17, '3': 6, '2': 9, '1': 10, '6': 5, '4': 8, '5': 7, '0': 12, '7': 8, '9': 5, '8': 1}","{'T': 47019, 'H': 47019, 'E': 73467, 'R': 30092, 'P': 6310, 'U': 15406, 'B': 9860, 'L': 19258, 'I': 30092, 'C': 12325, 'Y': 12325, 'A': 47019, 'O': 37615, 'N': 37615, 'S': 24073, 'K': 2584, 'V': 4038, 'X': 677, 'W': 12325, 'D': 19258, 'G': 7888, 'F': 9860, 'M': 12325, 'Q': 677, 'J': 1058, 'Z': 177, '3': 6, '2': 29, '1': 36, '6': 5, '4': 8, '5': 7, '0': 57, '7': 8, '9': 5, '8': 1}",0.9587123187199268,0.1485200197047145,537.3611111111111,1587.861111111111,0.1485200197047145,11627751.138888888,3409.9488469607413,0.045768858319726206,12867,293204158.02777785,0.984272993741197,0.9576608934081299,0.984272993741197,0.9901829488126884,0.9746103353793513,0.9576608934081299
0.275,10,181,391,0.5417721518987342,0.010126582278481067,"{'T': 39, 'H': 37, 'E': 40, 'R': 37, 'P': 31, 'U': 34, 'B': 31, 'L': 35, 'I': 38, 'C': 33, 'Y': 33, 'A': 37, 'O': 38, 'N': 38, 'S': 38, 'K': 26, 'V': 29, 'X': 20, 'W': 33, 'D': 35, 'G': 32, 'F': 32, 'M': 33, 'Q': 20, 'J': 22, 'Z': 16, '3': 6, '2': 8, '1': 9, '6': 5, '4': 8, '5': 7, '0': 11, '7': 8, '9': 5, '8': 1}","{'T': 47376, 'H': 29143, 'E': 60404, 'R': 29143, 'P': 6783, 'U': 14060, 'B': 6783, 'L': 17927, 'I': 37157, 'C': 11027, 'Y': 11027, 'A': 29143, 'O': 37157, 'N': 37157, 'S': 37157, 'K': 2012, 'V': 4172, 'X': 468, 'W': 11027, 'D': 17927, 'G': 8649, 'F': 8649, 'M': 11027, 'Q': 468, 'J': 761, 'Z': 176, '3': 6, '2': 8, '1': 31, '6': 5, '4': 8, '5': 7, '0': 52, '7': 8, '9': 5, '8': 1}",0.9808301128202848,0.11569184540673359,-674.1111111111111,1135.6666666666667,0.11569184540673359,5719125.388888889,2391.4692949918654,0.030790188751123358,11135,262972100.6350309,0.9906618303513047,0.9791754521953439,0.9906618303513047,0.9945923934561169,0.9853047209547219,0.9791754521953439
0.30000000000000004,10,176,392,0.5544303797468355,0.0075949367088608,"{'T': 37, 'H': 35, 'E': 37, 'R': 35, 'P': 30, 'U': 32, 'B': 29, 'L': 32, 'I': 35, 'C': 31, 'Y': 32, 'A': 35, 'O': 35, 'N': 36, 'S': 35, 'K': 26, 'V': 28, 'X': 20, 'W': 32, 'D': 33, 'G': 30, 'F': 31, 'M': 31, 'Q': 20, 'J': 21, 'Z': 15, '3': 6, '2': 8, '1': 9, '6': 5, '4': 8, '5': 7, '0': 10, '7': 8, '9': 5, '8': 1}","{'T': 54799, 'H': 32425, 'E': 54799, 'R': 32425, 'P': 8732, 'U': 14758, 'B': 6717, 'L': 14758, 'I': 32425, 'C': 11352, 'Y': 14758, 'A': 32425, 'O': 32425, 'N': 42153, 'S': 32425, 'K': 3057, 'V': 5167, 'X': 632, 'W': 14758, 'D': 19186, 'G': 8732, 'F': 11352, 'M': 11352, 'Q': 632, 'J': 823, 'Z': 170, '3': 6, '2': 8, '1': 34, '6': 5, '4': 8, '5': 7, '0': 45, '7': 8, '9': 5, '8': 1}",0.9635975687137674,0.11808982559252271,-217.08333333333334,1739.9722222222222,0.11808982559252271,10044464.416666666,3169.3003039577466,0.026823700913309094,9679,259967575.31172842,0.9817884066293753,0.9634259759676853,0.9817884066293753,0.9904374242788517,0.9723999806488364,0.9634259759676853
0.325,10,171,395,0.5670886075949367,0.0,"{'T': 34, 'H': 32, 'E': 34, 'R': 32, 'P': 28, 'U': 30, 'B': 28, 'L': 31, 'I': 34, 'C': 28, 'Y': 30, 'A': 33, 'O': 33, 'N': 33, 'S': 32, 'K': 24, 'V': 26, 'X': 20, 'W': 29, 'D': 31, 'G': 27, 'F': 29, 'M': 29, 'Q': 18, 'J': 20, 'Z': 15, '3': 6, '2': 9, '1': 9, '6': 5, '4': 8, '5': 7, '0': 11, '7': 8, '9': 5, '8': 1}","{'T': 43999, 'H': 25062, 'E': 43999, 'R': 25062, 'P': 8130, 'U': 14275, 'B': 8130, 'L': 18914, 'I': 43999, 'C': 8130, 'Y': 14275, 'A': 33207, 'O': 33207, 'N': 33207, 'S': 25062, 'K': 2637, 'V': 4631, 'X': 855, 'W': 10773, 'D': 18914, 'G': 6136, 'F': 10773, 'M': 10773, 'Q': 487, 'J': 855, 'Z': 209, '3': 6, '2': 38, '1': 38, '6': 5, '4': 8, '5': 7, '0': 67, '7': 8, '9': 5, '8': 1}",0.9327311109377412,0.21172058638665148,-1535.9722222222222,2224.972222222222,0.21172058638665148,20833523.527777776,4564.375480586339,0.0788622517739181,20479,228286507.1574074,0.9730602780245917,0.9241407248236735,0.9730602780245917,0.9776965643582531,0.9513576907381299,0.9241407248236735
0.35000000000000003,10,167,395,0.5772151898734177,0.0,"{'T': 32, 'H': 32, 'E': 33, 'R': 31, 'P': 27, 'U': 28, 'B': 26, 'L': 29, 'I': 31, 'C': 28, 'Y': 27, 'A': 32, 'O': 32, 'N': 31, 'S': 31, 'K': 22, 'V': 25, 'X': 18, 'W': 29, 'D': 30, 'G': 26, 'F': 28, 'M': 27, 'Q': 18, 'J': 19, 'Z': 14, '3': 6, '2': 8, '1': 9, '6': 5, '4': 8, '5': 7, '0': 10, '7': 8, '9': 5, '8': 1}","{'T': 42326, 'H': 42326, 'E': 57140, 'R': 31352, 'P': 9438, 'U': 12742, 'B': 6991, 'L': 17202, 'I': 31352, 'C': 12742, 'Y': 9438, 'A': 42326, 'O': 42326, 'N': 31352, 'S': 31352, 'K': 2104, 'V': 5178, 'X': 633, 'W': 17202, 'D': 23223, 'G': 6991, 'F': 12742, 'M': 9438, 'Q': 633, 'J': 855, 'Z': 190, '3': 6, '2': 8, '1': 42, '6': 5, '4': 8, '5': 7, '0': 56, '7': 8, '9': 5, '8': 1}",0.9706282730115257,0.155675074569578,-39.97222222222222,1813.1944444444443,0.155675074569578,8068067.75,2840.434429801188,0.04074960626964167,8174,264415586.82407406,0.985237309922323,0.9706224551611515,0.985237309922323,0.9924364032399791,0.9777853721971427,0.9706224551611515
0.375,10,163,397,0.5873417721518988,-0.005063291139240533,"{'T': 30, 'H': 29, 'E': 32, 'R': 28, 'P': 25, 'U': 27, 'B': 25, 'L': 28, 'I': 30, 'C': 26, 'Y': 26, 'A': 30, 'O': 30, 'N': 30, 'S': 30, 'K': 22, 'V': 23, 'X': 18, 'W': 26, 'D': 28, 'G': 25, 'F': 26, 'M': 26, 'Q': 17, 'J': 18, 'Z': 14, '3': 6, '2': 9, '1': 9, '6': 5, '4': 8, '5': 7, '0': 10, '7': 8, '9': 5, '8': 1}","{'T': 37587, 'H': 27336, 'E': 71064, 'R': 19880, 'P': 7647, 'U': 14458, 'B': 7647, 'L': 19880, 'I': 37587, 'C': 10515, 'Y': 10515, 'A': 37587, 'O': 37587, 'N': 37587, 'S': 37587, 'K': 2941, 'V': 4044, 'X': 822, 'W': 10515, 'D': 19880, 'G': 7647, 'F': 10515, 'M': 10515, 'Q': 598, 'J': 822, 'Z': 229, '3': 6, '2': 46, '1': 46, '6': 5, '4': 8, '5': 7, '0': 63, '7': 8, '9': 5, '8': 1}",0.9704926733422993,0.21043078552901429,-499.77777777777777,1424.611111111111,0.21043078552901429,8353488.055555556,2890.2401380431274,0.08509069819026602,9465,271299531.1165123,0.9852881295858771,0.9695831793290447,0.9852881295858771,0.9923611396481842,0.9777616511576688,0.9695831793290447
0.4,10,162,389,0.589873417721519,0.015189873417721489,"{'T': 30, 'H': 28, 'E': 30, 'R': 28, 'P': 24, 'U': 26, 'B': 24, 'L': 26, 'I': 29, 'C': 25, 'Y': 25, 'A': 29, 'O': 28, 'N': 28, 'S': 28, 'K': 21, 'V': 22, 'X': 16, 'W': 26, 'D': 26, 'G': 24, 'F': 25, 'M': 24, 'Q': 16, 'J': 18, 'Z': 13, '3': 6, '2': 8, '1': 8, '6': 5, '4': 8, '5': 7, '0': 10, '7': 8, '9': 5, '8': 1}","{'T': 60503, 'H': 30868, 'E': 60503, 'R': 30868, 'P': 8034, 'U': 15749, 'B': 8034, 'L': 15749, 'I': 43216, 'C': 11249, 'Y': 11249, 'A': 43216, 'O': 30868, 'N': 30868, 'S': 30868, 'K': 2927, 'V': 4099, 'X': 543, 'W': 15749, 'D': 15749, 'G': 8034, 'F': 11249, 'M': 8034, 'Q': 543, 'J': 1066, 'Z': 197, '3': 6, '2': 8, '1': 8, '6': 5, '4': 8, '5': 7, '0': 71, '7': 8, '9': 5, '8': 1}",0.959624698851626,0.1371760018817202,-28.333333333333332,1812.7222222222222,0.1371760018817202,11089226.5,3330.0490236631654,0.04699009808100649,13451,278006603.27700615,0.9809323679305338,0.959621775767575,0.9809323679305338,0.9901303195227825,0.9712508788892992,0.959621775767575
0.42500000000000004,10,162,392,0.589873417721519,0.0075949367088608,"{'T': 28, 'H': 27, 'E': 29, 'R': 26, 'P': 23, 'U': 24, 'B': 23, 'L': 25, 'I': 27, 'C': 23, 'Y': 24, 'A': 28, 'O': 27, 'N': 26, 'S': 26, 'K': 20, 'V': 22, 'X': 16, 'W': 24, 'D': 25, 'G': 22, 'F': 23, 'M': 24, 'Q': 16, 'J': 16, 'Z': 12, '3': 6, '2': 8, '1': 8, '6': 5, '4': 8, '5': 7, '0': 10, '7': 8, '9': 5, '8': 1}","{'T': 47689, 'H': 33466, 'E': 67957, 'R': 23484, 'P': 8115, 'U': 11565, 'B': 8115, 'L': 16480, 'I': 33466, 'C': 8115, 'Y': 11565, 'A': 47689, 'O': 33466, 'N': 23484, 'S': 23484, 'K': 2804, 'V': 5695, 'X': 679, 'W': 11565, 'D': 16480, 'G': 5695, 'F': 8115, 'M': 11565, 'Q': 679, 'J': 679, 'Z': 164, '3': 6, '2': 8, '1': 8, '6': 5, '4': 8, '5': 7, '0': 80, '7': 8, '9': 5, '8': 1}",0.9630813135454417,0.154855046519807,-1077.3055555555557,1861.0277777777778,0.154855046519807,11299707.638888888,3361.503776420441,0.0644340304495876,12082,266380926.53703701,0.9813916669126627,0.9588553693259038,0.9813916669126627,0.9895095639320615,0.9710964403733078,0.9588553693259038
0.45,10,160,391,0.5949367088607596,0.010126582278481067,"{'T': 27, 'H': 26, 'E': 27, 'R': 25, 'P': 22, 'U': 24, 'B': 21, 'L': 24, 'I': 25, 'C': 24, 'Y': 22, 'A': 26, 'O': 26, 'N': 25, 'S': 25, 'K': 19, 'V': 19, 'X': 15, 'W': 23, 'D': 24, 'G': 22, 'F': 23, 'M': 23, 'Q': 15, 'J': 16, 'Z': 12, '3': 6, '2': 8, '1': 8, '6': 5, '4': 8, '5': 7, '0': 9, '7': 8, '9': 5, '8': 1}","{'T': 50549, 'H': 34861, 'E': 50549, 'R': 24042, 'P': 7885, 'U': 16580, 'B': 5438, 'L': 16580, 'I': 24042, 'C': 16580, 'Y': 7885, 'A': 34861, 'O': 34861, 'N': 24042, 'S': 24042, 'K': 2586, 'V': 2586, 'X': 584, 'W': 11434, 'D': 16580, 'G': 7885, 'F': 11434, 'M': 11434, 'Q': 584, 'J': 848, 'Z': 191, '3': 6, '2': 8, '1': 8, '6': 5, '4': 8, '5': 7, '0': 62, '7': 8, '9': 5, '8': 1}",0.9425211849543147,0.15596590051837275,-1725.5,2346.5555555555557,0.15596590051837275,18762977.555555556,4331.625278755719,0.06458519736087413,13929,232704600.13348758,0.9770207591964413,0.931680021595178,0.9770207591964413,0.9802540980158884,0.9577286030489061,0.931680021595178
0.47500000000000003,10,160,390,0.5949367088607596,0.012658227848101222,"{'T': 26, 'H': 25, 'E': 26, 'R': 24, 'P': 21, 'U': 23, 'B': 20, 'L': 23, 'I': 24, 'C': 22, 'Y': 22, 'A': 26, 'O': 24, 'N': 24, 'S': 25, 'K': 18, 'V': 20, 'X': 14, 'W': 22, 'D': 24, 'G': 21, 'F': 21, 'M': 22, 'Q': 15, 'J': 16, 'Z': 12, '3': 6, '2': 8, '1': 8, '6': 5, '4': 8, '5': 7, '0': 10, '7': 8, '9': 5, '8': 1}","{'T': 51510, 'H': 34922, 'E': 51510, 'R': 23675, 'P': 7377, 'U': 16051, 'B': 5001, 'L': 16051, 'I': 23675, 'C': 10882, 'Y': 10882, 'A': 51510, 'O': 23675, 'N': 23675, 'S': 34922, 'K': 2298, 'V': 5001, 'X': 485, 'W': 10882, 'D': 23675, 'G': 7377, 'F': 7377, 'M': 10882, 'Q': 715, 'J': 1056, 'Z': 222, '3': 6, '2': 8, '1': 8, '6': 5, '4': 8, '5': 7, '0': 102, '7': 8, '9': 5, '8': 1}",0.9170208408193498,0.18790639051535354,-1270.361111111111,2613.472222222222,0.18790639051535354,24402701.916666668,4939.909100040877,0.08156343217887962,13762,246046231.15586418,0.9578781060764056,0.9111445897630287,0.9578781060764056,0.9758050750628599,0.934702317200957,0.9111445897630287
0.5,10,159,393,0.5974683544303798,0.005063291139240533,"{'T': 24, 'H': 23, 'E': 26, 'R': 23, 'P': 21, 'U': 22, 'B': 20, 'L': 22, 'I': 23, 'C': 21, 'Y': 21, 'A': 24, 'O': 24, 'N': 23, 'S': 24, 'K': 17, 'V': 19, 'X': 14, 'W': 21, 'D': 22, 'G': 21, 'F': 21, 'M': 21, 'Q': 14, 'J': 15, 'Z': 12, '3': 6, '2': 8, '1': 8, '6': 5, '4': 8, '5': 7, '0': 9, '7': 8, '9': 5, '8': 1}","{'T': 33667, 'H': 22444, 'E': 75753, 'R': 22444, 'P': 9975, 'U': 14963, 'B': 6650, 'L': 14963, 'I': 22444, 'C': 9975, 'Y': 9975, 'A': 33667, 'O': 33667, 'N': 22444, 'S': 33667, 'K': 1970, 'V': 4433, 'X': 583, 'W': 9975, 'D': 14963, 'G': 9975, 'F': 9975, 'M': 9975, 'Q': 583, 'J': 875, 'Z': 258, '3': 6, '2': 8, '1': 8, '6': 5, '4': 8, '5': 7, '0': 76, '7': 8, '9': 5, '8': 1}",0.9172116105982653,0.18683519952297947,-1966.2222222222222,2862.277777777778,0.18683519952297947,26602522.555555556,5157.763328765246,0.07277155443391996,13615,245104462.73379627,0.9580796636561452,0.9031345765282759,0.9580796636561452,0.9735829351065257,0.9327700110082228,0.9031345765282759
0.525,10,159,390,0.5974683544303798,0.012658227848101222,"{'T': 23, 'H': 23, 'E': 25, 'R': 22, 'P': 19, 'U': 21, 'B': 20, 'L': 21, 'I': 24, 'C': 21, 'Y': 20, 'A': 23, 'O': 23, 'N': 23, 'S': 22, 'K': 17, 'V': 18, 'X': 14, 'W': 21, 'D': 22, 'G': 20, 'F': 20, 'M': 21, 'Q': 14, 'J': 14, 'Z': 11, '3': 6, '2': 8, '1': 9, '6': 5, '4': 8, '5': 7, '0': 8, '7': 8, '9': 5, '8': 1}","{'T': 31263, 'H': 31263, 'E': 72708, 'R': 20500, 'P': 5780, 'U': 13442, 'B': 8814, 'L': 13442, 'I': 47677, 'C': 13442, 'Y': 8814, 'A': 31263, 'O': 31263, 'N': 31263, 'S': 20500, 'K': 2485, 'V': 3790, 'X': 700, 'W': 13442, 'D': 20500, 'G': 8814, 'F': 8814, 'M': 13442, 'Q': 700, 'J': 700, 'Z': 197, '3': 6, '2': 8, '1': 84, '6': 5, '4': 8, '5': 7, '0': 8, '7': 8, '9': 5, '8': 1}",0.917810327791085,0.25670124934916505,-1278.361111111111,2809.027777777778,0.25670124934916505,24206271.861111112,4919.986977737961,0.16477645097304108,15789,254116073.1003087,0.9580554855293164,0.9118598332319225,0.9580554855293164,0.9767475401619184,0.9357783388293922,0.9118598332319225
0.55,10,159,390,0.5974683544303798,0.012658227848101222,"{'T': 23, 'H': 22, 'E': 23, 'R': 22, 'P': 19, 'U': 20, 'B': 18, 'L': 22, 'I': 23, 'C': 20, 'Y': 20, 'A': 22, 'O': 23, 'N': 22, 'S': 22, 'K': 16, 'V': 18, 'X': 14, 'W': 19, 'D': 21, 'G': 19, 'F': 20, 'M': 20, 'Q': 13, 'J': 15, 'Z': 11, '3': 6, '2': 8, '1': 8, '6': 5, '4': 8, '5': 7, '0': 9, '7': 8, '9': 5, '8': 1}","{'T': 43377, 'H': 27985, 'E': 43377, 'R': 27985, 'P': 7514, 'U': 11648, 'B': 4848, 'L': 27985, 'I': 43377, 'C': 11648, 'Y': 11648, 'A': 27985, 'O': 43377, 'N': 27985, 'S': 27985, 'K': 2017, 'V': 4848, 'X': 839, 'W': 7514, 'D': 18054, 'G': 7514, 'F': 11648, 'M': 11648, 'Q': 541, 'J': 1301, 'Z': 225, '3': 6, '2': 8, '1': 8, '6': 5, '4': 8, '5': 7, '0': 93, '7': 8, '9': 5, '8': 1}",0.9114260931441454,0.19146652745283516,-1282.138888888889,2622.6944444444443,0.19146652745283516,25969271.694444444,5096.005464522624,0.07821928037333674,21101,232119466.48611107,0.9576310081031374,0.9054403771416298,0.9576310081031374,0.9728001012868249,0.9315835416781363,0.9054403771416298
0.5750000000000001,10,159,390,0.5974683544303798,0.012658227848101222,"{'T': 22, 'H': 21, 'E': 22, 'R': 22, 'P': 18, 'U': 20, 'B': 18, 'L': 20, 'I': 22, 'C': 19, 'Y': 19, 'A': 22, 'O': 22, 'N': 21, 'S': 21, 'K': 16, 'V': 17, 'X': 12, 'W': 20, 'D': 20, 'G': 18, 'F': 19, 'M': 20, 'Q': 13, 'J': 14, 'Z': 11, '3': 6, '2': 8, '1': 8, '6': 5, '4': 8, '5': 7, '0': 9, '7': 8, '9': 5, '8': 1}","{'T': 38062, 'H': 24166, 'E': 38062, 'R': 38062, 'P': 6185, 'U': 15343, 'B': 6185, 'L': 15343, 'I': 38062, 'C': 9741, 'Y': 9741, 'A': 38062, 'O': 38062, 'N': 24166, 'S': 24166, 'K': 2493, 'V': 3926, 'X': 404, 'W': 15343, 'D': 15343, 'G': 6185, 'F': 9741, 'M': 15343, 'Q': 637, 'J': 1004, 'Z': 256, '3': 6, '2': 8, '1': 8, '6': 5, '4': 8, '5': 7, '0': 103, '7': 8, '9': 5, '8': 1}",0.8853685492411152,0.2130173832233585,-1859.361111111111,2962.3055555555557,0.2130173832233585,34938898.472222224,5910.913505730076,0.09247537493324925,26416,216104944.9614197,0.9483976389648159,0.8727800647822173,0.9483976389648159,0.9611824446446459,0.9115831611154119,0.8727800647822173
0.6000000000000001,10,159,385,0.5974683544303798,0.025316455696202556,"{'T': 21, 'H': 21, 'E': 22, 'R': 21, 'P': 18, 'U': 19, 'B': 18, 'L': 19, 'I': 21, 'C': 18, 'Y': 18, 'A': 21, 'O': 21, 'N': 21, 'S': 20, 'K': 16, 'V': 17, 'X': 13, 'W': 19, 'D': 20, 'G': 18, 'F': 18, 'M': 19, 'Q': 13, 'J': 14, 'Z': 10, '3': 6, '2': 8, '1': 8, '6': 5, '4': 8, '5': 7, '0': 9, '7': 8, '9': 5, '8': 1}","{'T': 32237, 'H': 32237, 'E': 51580, 'R': 32237, 'P': 7870, 'U': 12592, 'B': 7870, 'L': 12592, 'I': 32237, 'C': 7870, 'Y': 7870, 'A': 32237, 'O': 32237, 'N': 32237, 'S': 20148, 'K': 3073, 'V': 4918, 'X': 750, 'W': 12592, 'D': 20148, 'G': 7870, 'F': 7870, 'M': 12592, 'Q': 750, 'J': 1200, 'Z': 182, '3': 6, '2': 8, '1': 8, '6': 5, '4': 8, '5': 7, '0': 114, '7': 8, '9': 5, '8': 1}",0.9387011627132861,0.18854314597380914,-2083.6944444444443,2494.0833333333335,0.18854314597380914,21176517.194444444,4601.794997003283,0.08419466932585823,14815,222567837.89660487,0.9812374090788744,0.92289181218013,0.9812374090788744,0.9767907238958108,0.9584635991278035,0.92289181218013
0.625,10,158,387,0.6,0.020253164556962022,"{'T': 21, 'H': 20, 'E': 22, 'R': 20, 'P': 18, 'U': 19, 'B': 17, 'L': 19, 'I': 20, 'C': 18, 'Y': 19, 'A': 21, 'O': 20, 'N': 20, 'S': 20, 'K': 15, 'V': 16, 'X': 12, 'W': 18, 'D': 20, 'G': 17, 'F': 18, 'M': 18, 'Q': 13, 'J': 13, 'Z': 10, '3': 6, '2': 8, '1': 8, '6': 5, '4': 8, '5': 7, '0': 8, '7': 8, '9': 5, '8': 1}","{'T': 42858, 'H': 26374, 'E': 69645, 'R': 26374, 'P': 9987, 'U': 16230, 'B': 6145, 'L': 16230, 'I': 26374, 'C': 9987, 'Y': 16230, 'A': 42858, 'O': 26374, 'N': 26374, 'S': 26374, 'K': 2327, 'V': 3781, 'X': 541, 'W': 9987, 'D': 26374, 'G': 6145, 'F': 9987, 'M': 9987, 'Q': 880, 'J': 880, 'Z': 204, '3': 6, '2': 8, '1': 8, '6': 5, '4': 8, '5': 7, '0': 8, '7': 8, '9': 5, '8': 1}",0.9480621728432642,0.19125042971822642,-1155.7777777777778,2448.722222222222,0.19125042971822642,15599706.833333334,3949.6464187738798,0.12327668174927028,11063,253968223.8665123,0.973994321301624,0.943198160802611,0.973994321301624,0.9848873079551779,0.9592746450703871,0.943198160802611
0.65,10,158,394,0.6,0.0025316455696202667,"{'T': 20, 'H': 20, 'E': 21, 'R': 19, 'P': 17, 'U': 18, 'B': 17, 'L': 18, 'I': 20, 'C': 18, 'Y': 18, 'A': 20, 'O': 20, 'N': 20, 'S': 19, 'K': 15, 'V': 16, 'X': 12, 'W': 18, 'D': 19, 'G': 18, 'F': 17, 'M': 17, 'Q': 12, 'J': 13, 'Z': 10, '3': 6, '2': 8, '1': 8, '6': 5, '4': 8, '5': 7, '0': 9, '7': 8, '9': 5, '8': 1}","{'T': 34415, 'H': 34415, 'E': 56786, 'R': 20857, 'P': 7660, 'U': 12640, 'B': 7660, 'L': 12640, 'I': 34415, 'C': 12640, 'Y': 12640, 'A': 34415, 'O': 34415, 'N': 34415, 'S': 20857, 'K': 2813, 'V': 4642, 'X': 625, 'W': 12640, 'D': 20857, 'G': 12640, 'F': 7660, 'M': 7660, 'Q': 625, 'J': 1033, 'Z': 229, '3': 6, '2': 8, '1': 8, '6': 5, '4': 8, '5': 7, '0': 138, '7': 8, '9': 5, '8': 1}",0.9528788641792562,0.19881632990976725,-1630.3055555555557,2146.027777777778,0.19881632990976725,15598954.361111112,3949.551159449781,0.09485670212436134,12637,233929447.78703701,0.9831034653087096,0.9432009007134711,0.9831034653087096,0.9836188459227556,0.9669990959696148,0.9432009007134711
0.675,10,158,392,0.6,0.0075949367088608,"{'T': 19, 'H': 20, 'E': 20, 'R': 19, 'P': 16, 'U': 18, 'B': 17, 'L': 19, 'I': 19, 'C': 17, 'Y': 17, 'A': 20, 'O': 19, 'N': 20, 'S': 19, 'K': 14, 'V': 16, 'X': 11, 'W': 17, 'D': 19, 'G': 17, 'F': 17, 'M': 17, 'Q': 11, 'J': 12, 'Z': 10, '3': 6, '2': 8, '1': 8, '6': 5, '4': 8, '5': 7, '0': 9, '7': 8, '9': 5, '8': 1}","{'T': 26728, 'H': 44770, 'E': 44770, 'R': 26728, 'P': 5687, 'U': 15956, 'B': 9526, 'L': 26728, 'I': 26728, 'C': 9526, 'Y': 9526, 'A': 44770, 'O': 26728, 'N': 44770, 'S': 26728, 'K': 2026, 'V': 5687, 'X': 430, 'W': 9526, 'D': 26728, 'G': 9526, 'F': 9526, 'M': 9526, 'Q': 430, 'J': 722, 'Z': 257, '3': 6, '2': 8, '1': 8, '6': 5, '4': 8, '5': 7, '0': 153, '7': 8, '9': 5, '8': 1}",0.8629622079137593,0.27888195627351947,-1025.4722222222222,3449.3055555555557,0.27888195627351947,38686807.416666664,6219.871977514221,0.12612671597136024,20324,229478331.42129633,0.9294568229469186,0.859133133883882,0.9294568229469186,0.9595580158543136,0.8918677448491992,0.859133133883882
0.7000000000000001,10,157,386,0.6025316455696202,0.02278481012658229,"{'T': 19, 'H': 19, 'E': 21, 'R': 18, 'P': 16, 'U': 16, 'B': 16, 'L': 17, 'I': 19, 'C': 17, 'Y': 17, 'A': 19, 'O': 19, 'N': 18, 'S': 19, 'K': 14, 'V': 15, 'X': 11, 'W': 17, 'D': 17, 'G': 16, 'F': 17, 'M': 16, 'Q': 11, 'J': 12, 'Z': 10, '3': 6, '2': 8, '1': 8, '6': 5, '4': 8, '5': 7, '0': 8, '7': 8, '9': 5, '8': 1}","{'T': 34152, 'H': 34152, 'E': 98702, 'R': 20089, 'P': 6951, 'U': 6951, 'B': 6951, 'L': 11817, 'I': 34152, 'C': 11817, 'Y': 11817, 'A': 34152, 'O': 34152, 'N': 20089, 'S': 34152, 'K': 2404, 'V': 4088, 'X': 489, 'W': 11817, 'D': 11817, 'G': 6951, 'F': 11817, 'M': 6951, 'Q': 489, 'J': 831, 'Z': 287, '3': 6, '2': 8, '1': 8, '6': 5, '4': 8, '5': 7, '0': 8, '7': 8, '9': 5, '8': 1}",0.81148419731687,0.20840235903732734,-1196.611111111111,3298.0,0.20840235903732734,53204695.666666664,7294.154897359026,0.16193427711468775,34224,289502741.8433642,0.9256835807027444,0.8062704254578446,0.9256835807027444,0.9562014417615348,0.8851399744829442,0.8062704254578446
0.7250000000000001,10,156,391,0.6050632911392405,0.010126582278481067,"{'T': 19, 'H': 19, 'E': 20, 'R': 18, 'P': 16, 'U': 17, 'B': 16, 'L': 17, 'I': 19, 'C': 16, 'Y': 16, 'A': 18, 'O': 18, 'N': 19, 'S': 18, 'K': 14, 'V': 15, 'X': 11, 'W': 16, 'D': 17, 'G': 15, 'F': 16, 'M': 16, 'Q': 11, 'J': 12, 'Z': 10, '3': 6, '2': 8, '1': 8, '6': 5, '4': 8, '5': 7, '0': 8, '7': 8, '9': 5, '8': 1}","{'T': 43516, 'H': 43516, 'E': 75065, 'R': 25226, 'P': 8477, 'U': 14623, 'B': 8477, 'L': 14623, 'I': 43516, 'C': 8477, 'Y': 8477, 'A': 25226, 'O': 25226, 'N': 43516, 'S': 25226, 'K': 2848, 'V': 4914, 'X': 554, 'W': 8477, 'D': 14623, 'G': 4914, 'F': 8477, 'M': 8477, 'Q': 554, 'J': 956, 'Z': 321, '3': 6, '2': 8, '1': 8, '6': 5, '4': 8, '5': 7, '0': 8, '7': 8, '9': 5, '8': 1}",0.9143217438321656,0.20768648728288636,-911.4722222222222,2989.472222222222,0.20768648728288636,24360929.527777776,4935.679236718871,0.14153434094359366,15052,276437371.587963,0.9602425424888598,0.9112966918853255,0.9602425424888598,0.9784437616134913,0.9395433253341027,0.9112966918853255
0.75,10,153,385,0.6126582278481012,0.025316455696202556,"{'T': 18, 'H': 18, 'E': 18, 'R': 18, 'P': 15, 'U': 17, 'B': 15, 'L': 17, 'I': 18, 'C': 16, 'Y': 15, 'A': 19, 'O': 17, 'N': 18, 'S': 18, 'K': 14, 'V': 14, 'X': 11, 'W': 16, 'D': 17, 'G': 16, 'F': 15, 'M': 16, 'Q': 11, 'J': 11, 'Z': 10, '3': 6, '2': 8, '1': 8, '6': 5, '4': 8, '5': 7, '0': 8, '7': 8, '9': 5, '8': 1}","{'T': 31594, 'H': 31594, 'E': 31594, 'R': 31594, 'P': 5894, 'U': 18054, 'B': 5894, 'L': 18054, 'I': 31594, 'C': 10316, 'Y': 5894, 'A': 55291, 'O': 18054, 'N': 31594, 'S': 31594, 'K': 3368, 'V': 3368, 'X': 628, 'W': 10316, 'D': 18054, 'G': 10316, 'F': 5894, 'M': 10316, 'Q': 628, 'J': 628, 'Z': 358, '3': 6, '2': 8, '1': 8, '6': 5, '4': 8, '5': 7, '0': 8, '7': 8, '9': 5, '8': 1}",0.8095365828595327,0.22930211914838258,-2184.222222222222,3491.3888888888887,0.22930211914838258,57078525.05555555,7555.033094272689,0.17742283494254446,32884,208068247.78935188,0.9018624305583152,0.7921649915303552,0.9018624305583152,0.9358200621295307,0.8439809557973721,0.7921649915303552
0.775,10,152,384,0.6151898734177215,0.027848101265822822,"{'T': 18, 'H': 17, 'E': 18, 'R': 17, 'P': 15, 'U': 16, 'B': 14, 'L': 16, 'I': 17, 'C': 16, 'Y': 16, 'A': 18, 'O': 18, 'N': 18, 'S': 17, 'K': 13, 'V': 14, 'X': 11, 'W': 15, 'D': 16, 'G': 15, 'F': 15, 'M': 16, 'Q': 11, 'J': 12, 'Z': 9, '3': 6, '2': 8, '1': 8, '6': 5, '4': 8, '5': 7, '0': 8, '7': 8, '9': 5, '8': 1}","{'T': 39469, 'H': 22236, 'E': 39469, 'R': 22236, 'P': 7057, 'U': 12527, 'B': 3975, 'L': 12527, 'I': 22236, 'C': 12527, 'Y': 12527, 'A': 39469, 'O': 39469, 'N': 39469, 'S': 22236, 'K': 2239, 'V': 3975, 'X': 710, 'W': 7057, 'D': 12527, 'G': 7057, 'F': 7057, 'M': 12527, 'Q': 710, 'J': 1261, 'Z': 225, '3': 6, '2': 8, '1': 8, '6': 5, '4': 8, '5': 7, '0': 8, '7': 8, '9': 5, '8': 1}",0.8912516653952107,0.20767682758376493,-2731.6944444444443,3265.1944444444443,0.20767682758376493,37328126.527777776,6109.674829954355,0.15585339685604466,25009,211815276.3410493,0.9556973429752924,0.8640803789953301,0.9556973429752924,0.9578926453641083,0.9154554560300524,0.8640803789953301
0.8,10,150,388,0.620253164556962,0.017721518987341756,"{'T': 18, 'H': 17, 'E': 18, 'R': 17, 'P': 15, 'U': 15, 'B': 14, 'L': 16, 'I': 17, 'C': 15, 'Y': 16, 'A': 17, 'O': 17, 'N': 17, 'S': 17, 'K': 13, 'V': 14, 'X': 11, 'W': 16, 'D': 16, 'G': 15, 'F': 15, 'M': 15, 'Q': 11, 'J': 12, 'Z': 10, '3': 6, '2': 8, '1': 8, '6': 5, '4': 8, '5': 7, '0': 8, '7': 8, '9': 5, '8': 1}","{'T': 49182, 'H': 27323, 'E': 49182, 'R': 27323, 'P': 8432, 'U': 8432, 'B': 4684, 'L': 15179, 'I': 27323, 'C': 8432, 'Y': 15179, 'A': 27323, 'O': 27323, 'N': 27323, 'S': 27323, 'K': 2602, 'V': 4684, 'X': 802, 'W': 15179, 'D': 15179, 'G': 8432, 'F': 8432, 'M': 8432, 'Q': 802, 'J': 1445, 'Z': 445, '3': 6, '2': 8, '1': 8, '6': 5, '4': 8, '5': 7, '0': 8, '7': 8, '9': 5, '8': 1}",0.9314845672818748,0.24383350660213715,-2353.277777777778,2990.6666666666665,0.24383350660213715,24354572.222222224,4935.035179431067,0.16315805129671035,15296,220244897.71373466,0.9779746186317736,0.9113198401823899,0.9779746186317736,0.9731422776806635,0.9517084478892024,0.9113198401823899
0.8250000000000001,10,149,393,0.6227848101265823,0.005063291139240533,"{'T': 18, 'H': 17, 'E': 18, 'R': 17, 'P': 14, 'U': 16, 'B': 15, 'L': 16, 'I': 16, 'C': 15, 'Y': 15, 'A': 17, 'O': 17, 'N': 17, 'S': 17, 'K': 12, 'V': 13, 'X': 11, 'W': 15, 'D': 16, 'G': 15, 'F': 15, 'M': 15, 'Q': 10, 'J': 11, 'Z': 9, '3': 6, '2': 8, '1': 8, '6': 5, '4': 8, '5': 7, '0': 8, '7': 8, '9': 5, '8': 1}","{'T': 61132, 'H': 33497, 'E': 61132, 'R': 33497, 'P': 5510, 'U': 18354, 'B': 10056, 'L': 18354, 'I': 18354, 'C': 10056, 'Y': 10056, 'A': 33497, 'O': 33497, 'N': 33497, 'S': 33497, 'K': 1654, 'V': 3019, 'X': 906, 'W': 10056, 'D': 18354, 'G': 10056, 'F': 10056, 'M': 10056, 'Q': 496, 'J': 906, 'Z': 271, '3': 6, '2': 8, '1': 8, '6': 5, '4': 8, '5': 7, '0': 8, '7': 8, '9': 5, '8': 1}",0.9351476575633182,0.18921203681165913,-591.6388888888889,2112.0833333333335,0.18921203681165913,18160683.972222224,4261.535400794205,0.13513910735692652,17705,266040030.13888896,0.9676111896067576,0.9338731001982334,0.9676111896067576,0.9832206089948111,0.9513752631153499,0.9338731001982334
0.8500000000000001,10,147,385,0.6278481012658228,0.025316455696202556,"{'T': 17, 'H': 17, 'E': 17, 'R': 16, 'P': 14, 'U': 15, 'B': 14, 'L': 16, 'I': 16, 'C': 15, 'Y': 15, 'A': 17, 'O': 16, 'N': 16, 'S': 16, 'K': 12, 'V': 13, 'X': 10, 'W': 15, 'D': 15, 'G': 14, 'F': 15, 'M': 14, 'Q': 10, 'J': 10, 'Z': 9, '3': 6, '2': 8, '1': 8, '6': 5, '4': 8, '5': 7, '0': 8, '7': 8, '9': 5, '8': 1}","{'T': 40972, 'H': 40972, 'E': 40972, 'R': 22147, 'P': 6470, 'U': 11971, 'B': 6470, 'L': 22147, 'I': 22147, 'C': 11971, 'Y': 11971, 'A': 40972, 'O': 22147, 'N': 22147, 'S': 22147, 'K': 1890, 'V': 3497, 'X': 551, 'W': 11971, 'D': 11971, 'G': 6470, 'F': 11971, 'M': 6470, 'Q': 551, 'J': 551, 'Z': 298, '3': 6, '2': 8, '1': 8, '6': 5, '4': 8, '5': 7, '0': 8, '7': 8, '9': 5, '8': 1}",0.874967881600786,0.22825151267705138,-2758.3611111111113,3483.8611111111113,0.22825151267705138,41946605.972222224,6476.619949651378,0.1687768306287343,23506,206475042.4891976,0.9482041312439544,0.8472635163746033,0.9482041312439544,0.9517501592645754,0.902453432926762,0.8472635163746033
0.875,10,146,379,0.6303797468354431,0.040506329113924044,"{'T': 17, 'H': 16, 'E': 17, 'R': 16, 'P': 14, 'U': 15, 'B': 13, 'L': 15, 'I': 16, 'C': 15, 'Y': 14, 'A': 16, 'O': 16, 'N': 16, 'S': 16, 'K': 12, 'V': 13, 'X': 10, 'W': 13, 'D': 15, 'G': 14, 'F': 14, 'M': 14, 'Q': 10, 'J': 11, 'Z': 9, '3': 6, '2': 8, '1': 8, '6': 5, '4': 8, '5': 7, '0': 8, '7': 8, '9': 5, '8': 1}","{'T': 50004, 'H': 26668, 'E': 50004, 'R': 26668, 'P': 7585, 'U': 14223, 'B': 4045, 'L': 14223, 'I': 26668, 'C': 14223, 'Y': 7585, 'A': 26668, 'O': 26668, 'N': 26668, 'S': 26668, 'K': 2157, 'V': 4045, 'X': 613, 'W': 4045, 'D': 14223, 'G': 7585, 'F': 7585, 'M': 7585, 'Q': 613, 'J': 1150, 'Z': 326, '3': 6, '2': 8, '1': 8, '6': 5, '4': 8, '5': 7, '0': 8, '7': 8, '9': 5, '8': 1}",0.9329674067898754,0.2265757615555294,-2850.5555555555557,3167.3333333333335,0.2265757615555294,26535085.0,5151.221699752399,0.1795095502822293,14474,221436530.2800926,0.9780472298250079,0.9033801309625648,0.9780472298250079,0.9709157935153573,0.9496015022410446,0.9033801309625648
0.9,10,145,390,0.6329113924050633,0.012658227848101222,"{'T': 16, 'H': 16, 'E': 17, 'R': 16, 'P': 14, 'U': 14, 'B': 14, 'L': 15, 'I': 15, 'C': 14, 'Y': 15, 'A': 16, 'O': 16, 'N': 16, 'S': 16, 'K': 12, 'V': 13, 'X': 10, 'W': 14, 'D': 15, 'G': 13, 'F': 14, 'M': 14, 'Q': 10, 'J': 11, 'Z': 9, '3': 6, '2': 8, '1': 8, '6': 5, '4': 8, '5': 7, '0': 8, '7': 8, '9': 5, '8': 1}","{'T': 32048, 'H': 32048, 'E': 60892, 'R': 32048, 'P': 8877, 'U': 8877, 'B': 8877, 'L': 16867, 'I': 16867, 'C': 8877, 'Y': 16867, 'A': 32048, 'O': 32048, 'N': 32048, 'S': 32048, 'K': 2458, 'V': 4672, 'X': 680, 'W': 8877, 'D': 16867, 'G': 4672, 'F': 8877, 'M': 8877, 'Q': 680, 'J': 1293, 'Z': 358, '3': 6, '2': 8, '1': 8, '6': 5, '4': 8, '5': 7, '0': 8, '7': 8, '9': 5, '8': 1}",0.9268025277789768,0.21355658084188806,-1985.1944444444443,2665.3055555555557,0.21355658084188806,24043499.361111112,4903.4171106597805,0.1584517682800619,19192,231573099.27160493,0.9674721238750791,0.9124525224067602,0.9674721238750791,0.9747437546684177,0.943037410563023,0.9124525224067602
0.925,10,144,395,0.6354430379746836,0.0,"{'T': 17, 'H': 15, 'E': 16, 'R': 16, 'P': 13, 'U': 14, 'B': 13, 'L': 15, 'I': 16, 'C': 14, 'Y': 14, 'A': 16, 'O': 16, 'N': 15, 'S': 16, 'K': 12, 'V': 13, 'X': 10, 'W': 14, 'D': 15, 'G': 13, 'F': 14, 'M': 14, 'Q': 10, 'J': 11, 'Z': 10, '3': 6, '2': 8, '1': 8, '6': 5, '4': 8, '5': 7, '0': 8, '7': 8, '9': 5, '8': 1}","{'T': 73990, 'H': 19966, 'E': 38436, 'R': 38436, 'P': 5387, 'U': 10372, 'B': 5387, 'L': 19966, 'I': 38436, 'C': 10372, 'Y': 10372, 'A': 38436, 'O': 38436, 'N': 19966, 'S': 38436, 'K': 2798, 'V': 5387, 'X': 754, 'W': 10372, 'D': 19966, 'G': 5387, 'F': 10372, 'M': 10372, 'Q': 754, 'J': 1453, 'Z': 754, '3': 6, '2': 8, '1': 8, '6': 5, '4': 8, '5': 7, '0': 8, '7': 8, '9': 5, '8': 1}",0.7955417892030217,0.28163839147038067,-732.0,3452.1666666666665,0.28163839147038067,56686966.166666664,7529.074721814538,0.2007768135402973,26938,254289123.75848758,0.9009075524593124,0.7935907404422162,0.9009075524593124,0.9472348539721437,0.8533710338961982,0.7935907404422162
0.9500000000000001,10,142,384,0.6405063291139241,0.027848101265822822,"{'T': 16, 'H': 15, 'E': 16, 'R': 15, 'P': 12, 'U': 14, 'B': 13, 'L': 14, 'I': 16, 'C': 14, 'Y': 14, 'A': 16, 'O': 16, 'N': 15, 'S': 15, 'K': 11, 'V': 12, 'X': 10, 'W': 14, 'D': 14, 'G': 13, 'F': 13, 'M': 14, 'Q': 10, 'J': 10, 'Z': 9, '3': 6, '2': 8, '1': 8, '6': 5, '4': 8, '5': 7, '0': 8, '7': 8, '9': 5, '8': 1}","{'T': 46007, 'H': 23593, 'E': 46007, 'R': 23593, 'P': 3181, 'U': 12098, 'B': 6204, 'L': 12098, 'I': 46007, 'C': 12098, 'Y': 12098, 'A': 46007, 'O': 46007, 'N': 23593, 'S': 23593, 'K': 1631, 'V': 3181, 'X': 836, 'W': 12098, 'D': 12098, 'G': 6204, 'F': 6204, 'M': 12098, 'Q': 836, 'J': 836, 'Z': 428, '3': 6, '2': 8, '1': 8, '6': 5, '4': 8, '5': 7, '0': 8, '7': 8, '9': 5, '8': 1}",0.9015363680090228,0.25901525550571053,-1735.5833333333333,3247.972222222222,0.25901525550571053,30053694.194444444,5482.1249707065635,0.19168415939001898,18471,243642287.71450615,0.9496175023707171,0.8905681290578737,0.9496175023707171,0.970158776257305,0.9212797540124933,0.8905681290578737
0.9750000000000001,10,138,380,0.6506329113924051,0.03797468354430378,"{'T': 15, 'H': 15, 'E': 16, 'R': 15, 'P': 13, 'U': 14, 'B': 13, 'L': 14, 'I': 15, 'C': 14, 'Y': 13, 'A': 15, 'O': 15, 'N': 15, 'S': 15, 'K': 11, 'V': 12, 'X': 10, 'W': 14, 'D': 15, 'G': 13, 'F': 13, 'M': 13, 'Q': 10, 'J': 10, 'Z': 9, '3': 6, '2': 8, '1': 8, '6': 5, '4': 8, '5': 7, '0': 8, '7': 8, '9': 5, '8': 1}","{'T': 27828, 'H': 27828, 'E': 54962, 'R': 27828, 'P': 7134, 'U': 14090, 'B': 7134, 'L': 14090, 'I': 27828, 'C': 14090, 'Y': 7134, 'A': 27828, 'O': 27828, 'N': 27828, 'S': 27828, 'K': 1828, 'V': 3611, 'X': 925, 'W': 14090, 'D': 27828, 'G': 7134, 'F': 7134, 'M': 7134, 'Q': 925, 'J': 925, 'Z': 468, '3': 6, '2': 8, '1': 8, '6': 5, '4': 8, '5': 7, '0': 8, '7': 8, '9': 5, '8': 1}",0.9147909036997747,0.2591384179896259,-2440.4166666666665,3199.972222222222,0.2591384179896259,29356934.25,5418.203969028851,0.17127529510373166,19224,213999299.60802466,0.9712608501436948,0.8931051797054504,0.9712608501436948,0.9668446590952239,0.9390583655497179,0.8931051797054504
1.0,10,137,374,0.6531645569620252,0.05316455696202527,"{'T': 15, 'H': 15, 'E': 15, 'R': 14, 'P': 12, 'U': 14, 'B': 12, 'L': 14, 'I': 15, 'C': 13, 'Y': 13, 'A': 15, 'O': 15, 'N': 15, 'S': 15, 'K': 11, 'V': 12, 'X': 10, 'W': 14, 'D': 14, 'G': 13, 'F': 13, 'M': 14, 'Q': 9, 'J': 10, 'Z': 9, '3': 6, '2': 8, '1': 8, '6': 5, '4': 8, '5': 7, '0': 8, '7': 8, '9': 5, '8': 1}","{'T': 32767, 'H': 32767, 'E': 32767, 'R': 16383, 'P': 4095, 'U': 16383, 'B': 4095, 'L': 16383, 'I': 32767, 'C': 8191, 'Y': 8191, 'A': 32767, 'O': 32767, 'N': 32767, 'S': 32767, 'K': 2047, 'V': 4095, 'X': 1023, 'W': 16383, 'D': 16383, 'G': 8191, 'F': 8191, 'M': 16383, 'Q': 511, 'J': 1023, 'Z': 511, '3': 6, '2': 8, '1': 8, '6': 5, '4': 8, '5': 7, '0': 8, '7': 8, '9': 5, '8': 1}",0.8634311736283502,0.2633805446248167,-2514.3611111111113,3159.0833333333335,0.2633805446248167,43828432.083333336,6620.304531011647,0.19167061769684232,31711,199685566.23919752,0.9459881750224509,0.8404113886197164,0.9459881750224509,0.9480594701838495,0.8968530480119715,0.8404113886197164
1.0250000000000001,10,138,391,0.6506329113924051,0.010126582278481067,"{'T': 15, 'H': 15, 'E': 16, 'R': 15, 'P': 13, 'U': 14, 'B': 12, 'L': 14, 'I': 15, 'C': 13, 'Y': 13, 'A': 15, 'O': 15, 'N': 14, 'S': 14, 'K': 11, 'V': 11, 'X': 9, 'W': 14, 'D': 14, 'G': 12, 'F': 13, 'M': 13, 'Q': 9, 'J': 10, 'Z': 8, '3': 6, '2': 8, '1': 8, '6': 5, '4': 8, '5': 7, '0': 8, '7': 8, '9': 5, '8': 1}","{'T': 38516, 'H': 38516, 'E': 77996, 'R': 38516, 'P': 9392, 'U': 19020, 'B': 4637, 'L': 19020, 'I': 38516, 'C': 9392, 'Y': 9392, 'A': 38516, 'O': 38516, 'N': 19020, 'S': 19020, 'K': 2290, 'V': 2290, 'X': 558, 'W': 19020, 'D': 19020, 'G': 4637, 'F': 9392, 'M': 9392, 'Q': 558, 'J': 1130, 'Z': 8, '3': 6, '2': 8, '1': 8, '6': 5, '4': 8, '5': 7, '0': 8, '7': 8, '9': 5, '8': 1}",0.9036592138030732,0.23404063776460518,-412.0833333333333,2873.972222222222,0.23404063776460518,26628252.083333332,5160.2569784201,0.4115152512778341,16546,277990209.0061728,0.9561249000604098,0.9030408898638358,0.9561249000604098,0.9766386568681409,0.9337885381931841,0.9030408898638358
1.05,10,137,382,0.6531645569620252,0.032911392405063244,"{'T': 15, 'H': 14, 'E': 15, 'R': 14, 'P': 12, 'U': 13, 'B': 12, 'L': 13, 'I': 14, 'C': 12, 'Y': 13, 'A': 14, 'O': 14, 'N': 14, 'S': 15, 'K': 11, 'V': 12, 'X': 10, 'W': 13, 'D': 13, 'G': 12, 'F': 12, 'M': 13, 'Q': 10, 'J': 10, 'Z': 8, '3': 6, '2': 8, '1': 8, '6': 5, '4': 8, '5': 7, '0': 8, '7': 8, '9': 5, '8': 1}","{'T': 45197, 'H': 22047, 'E': 45197, 'R': 22047, 'P': 5245, 'U': 10754, 'B': 5245, 'L': 10754, 'I': 22047, 'C': 5245, 'Y': 10754, 'A': 22047, 'O': 22047, 'N': 22047, 'S': 45197, 'K': 2558, 'V': 5245, 'X': 1247, 'W': 10754, 'D': 10754, 'G': 5245, 'F': 5245, 'M': 10754, 'Q': 1247, 'J': 1247, 'Z': 8, '3': 6, '2': 8, '1': 8, '6': 5, '4': 8, '5': 7, '0': 8, '7': 8, '9': 5, '8': 1}",0.8516084000637794,0.31565671976913434,-3637.25,4444.861111111111,0.31565671976913434,53982941.472222224,7347.308450869762,0.4796256242095912,19281,201762687.779321,0.9347456142762068,0.8034366675176793,0.9347456142762068,0.9376187504664997,0.8764350148616977,0.8034366675176793
1.075,10,137,379,0.6531645569620252,0.040506329113924044,"{'T': 14, 'H': 14, 'E': 15, 'R': 14, 'P': 12, 'U': 13, 'B': 12, 'L': 13, 'I': 14, 'C': 13, 'Y': 13, 'A': 14, 'O': 14, 'N': 14, 'S': 14, 'K': 10, 'V': 11, 'X': 10, 'W': 13, 'D': 13, 'G': 12, 'F': 12, 'M': 13, 'Q': 10, 'J': 10, 'Z': 8, '3': 6, '2': 8, '1': 8, '6': 5, '4': 8, '5': 7, '0': 8, '7': 8, '9': 5, '8': 1}","{'T': 25517, 'H': 25517, 'E': 52949, 'R': 25517, 'P': 5926, 'U': 12297, 'B': 5926, 'L': 12297, 'I': 25517, 'C': 12297, 'Y': 12297, 'A': 25517, 'O': 25517, 'N': 25517, 'S': 25517, 'K': 1375, 'V': 2855, 'X': 1375, 'W': 12297, 'D': 12297, 'G': 5926, 'F': 5926, 'M': 12297, 'Q': 1375, 'J': 1375, 'Z': 8, '3': 6, '2': 8, '1': 8, '6': 5, '4': 8, '5': 7, '0': 8, '7': 8, '9': 5, '8': 1}",0.8967543834018531,0.30870566740985655,-3496.777777777778,3772.722222222222,0.30870566740985655,40582194.277777776,6370.415549850557,0.4558267268726149,21535,196956686.81095678,0.978137942385863,0.8522316285638187,0.978137942385863,0.9511430877908694,0.9303491428062973,0.8522316285638187
1.1,10,137,383,0.6531645569620252,0.03037974683544309,"{'T': 14, 'H': 14, 'E': 14, 'R': 14, 'P': 12, 'U': 13, 'B': 12, 'L': 14, 'I': 15, 'C': 12, 'Y': 13, 'A': 15, 'O': 14, 'N': 14, 'S': 14, 'K': 11, 'V': 11, 'X': 9, 'W': 12, 'D': 13, 'G': 12, 'F': 12, 'M': 12, 'Q': 9, 'J': 10, 'Z': 9, '3': 6, '2': 8, '1': 8, '6': 5, '4': 8, '5': 7, '0': 8, '7': 8, '9': 5, '8': 1}","{'T': 29489, 'H': 29489, 'E': 29489, 'R': 29489, 'P': 6686, 'U': 14042, 'B': 6686, 'L': 29489, 'I': 61928, 'C': 6686, 'Y': 14042, 'A': 61928, 'O': 29489, 'N': 29489, 'S': 29489, 'K': 3183, 'V': 3183, 'X': 721, 'W': 6686, 'D': 14042, 'G': 6686, 'F': 6686, 'M': 6686, 'Q': 721, 'J': 1515, 'Z': 721, '3': 6, '2': 8, '1': 8, '6': 5, '4': 8, '5': 7, '0': 8, '7': 8, '9': 5, '8': 1}",0.6964189511861585,0.3366895328247824,-1177.0833333333333,4697.583333333333,0.3366895328247824,84759152.30555555,9206.473391345655,0.23537702252608106,34989,230467324.0895062,0.846861609452391,0.6913739603439445,0.846861609452391,0.915802253706534,0.7755577705140423,0.6913739603439445
1.125,10,137,380,0.6531645569620252,0.03797468354430378,"{'T': 14, 'H': 14, 'E': 14, 'R': 14, 'P': 11, 'U': 13, 'B': 12, 'L': 13, 'I': 14, 'C': 12, 'Y': 13, 'A': 14, 'O': 14, 'N': 13, 'S': 14, 'K': 10, 'V': 11, 'X': 9, 'W': 13, 'D': 13, 'G': 12, 'F': 12, 'M': 12, 'Q': 9, 'J': 10, 'Z': 8, '3': 6, '2': 8, '1': 8, '6': 5, '4': 8, '5': 7, '0': 8, '7': 8, '9': 5, '8': 1}","{'T': 34030, 'H': 34030, 'E': 34030, 'R': 34030, 'P': 3545, 'U': 16014, 'B': 7535, 'L': 16014, 'I': 34030, 'C': 7535, 'Y': 16014, 'A': 34030, 'O': 34030, 'N': 16014, 'S': 34030, 'K': 1668, 'V': 3545, 'X': 784, 'W': 16014, 'D': 16014, 'G': 7535, 'F': 7535, 'M': 7535, 'Q': 784, 'J': 1668, 'Z': 8, '3': 6, '2': 8, '1': 8, '6': 5, '4': 8, '5': 7, '0': 8, '7': 8, '9': 5, '8': 1}",0.8473463454282062,0.25614765557959474,-2308.722222222222,3309.6111111111113,0.25614765557959474,47254056.61111111,6874.158611140066,0.4318609161651008,30448,203353207.24768522,0.9302588841129809,0.8279379635960048,0.9302588841129809,0.945172244538768,0.8792548774991958,0.8279379635960048
1.1500000000000001,10,137,393,0.6531645569620252,0.005063291139240533,"{'T': 14, 'H': 13, 'E': 15, 'R': 14, 'P': 12, 'U': 13, 'B': 12, 'L': 13, 'I': 14, 'C': 13, 'Y': 12, 'A': 14, 'O': 14, 'N': 14, 'S': 13, 'K': 10, 'V': 12, 'X': 9, 'W': 12, 'D': 13, 'G': 12, 'F': 12, 'M': 12, 'Q': 9, 'J': 9, 'Z': 8, '3': 6, '2': 8, '1': 8, '6': 5, '4': 8, '5': 7, '0': 8, '7': 8, '9': 5, '8': 1}","{'T': 39213, 'H': 18238, 'E': 84309, 'R': 39213, 'P': 8482, 'U': 18238, 'B': 8482, 'L': 18238, 'I': 39213, 'C': 18238, 'Y': 8482, 'A': 39213, 'O': 39213, 'N': 39213, 'S': 18238, 'K': 1834, 'V': 8482, 'X': 853, 'W': 8482, 'D': 18238, 'G': 8482, 'F': 8482, 'M': 8482, 'Q': 853, 'J': 853, 'Z': 8, '3': 6, '2': 8, '1': 8, '6': 5, '4': 8, '5': 7, '0': 8, '7': 8, '9': 5, '8': 1}",0.8829713630069945,0.2431882757804526,4.361111111111111,3014.9166666666665,0.2431882757804526,32140042.194444444,5669.218834587747,0.400690916205219,19831,286930348.3333332,0.9511410213258062,0.8829712937537277,0.9511410213258062,0.9727834470917158,0.925254241395653,0.8829712937537277
1.175,10,137,382,0.6531645569620252,0.032911392405063244,"{'T': 14, 'H': 14, 'E': 14, 'R': 13, 'P': 11, 'U': 12, 'B': 12, 'L': 13, 'I': 14, 'C': 12, 'Y': 12, 'A': 14, 'O': 14, 'N': 13, 'S': 14, 'K': 11, 'V': 10, 'X': 9, 'W': 12, 'D': 12, 'G': 12, 'F': 12, 'M': 13, 'Q': 8, 'J': 9, 'Z': 8, '3': 6, '2': 8, '1': 8, '6': 5, '4': 8, '5': 7, '0': 8, '7': 8, '9': 5, '8': 1}","{'T': 45121, 'H': 45121, 'E': 45121, 'R': 20745, 'P': 4384, 'U': 9537, 'B': 9537, 'L': 20745, 'I': 45121, 'C': 9537, 'Y': 9537, 'A': 45121, 'O': 45121, 'N': 20745, 'S': 45121, 'K': 4384, 'V': 2015, 'X': 926, 'W': 9537, 'D': 9537, 'G': 9537, 'F': 9537, 'M': 20745, 'Q': 8, 'J': 926, 'Z': 8, '3': 6, '2': 8, '1': 8, '6': 5, '4': 8, '5': 7, '0': 8, '7': 8, '9': 5, '8': 1}",0.8626341005511085,0.30334549048186055,-370.5833333333333,3736.5833333333335,0.30334549048186055,37862655.527777776,6153.263811001262,0.9408392829218685,19357,259202621.1311728,0.9322356147252333,0.8621340456040215,0.9322356147252333,0.9649375953727837,0.8995491923938355,0.8621340456040215
1.2000000000000002,10,137,382,0.6531645569620252,0.032911392405063244,"{'T': 14, 'H': 13, 'E': 14, 'R': 13, 'P': 11, 'U': 12, 'B': 11, 'L': 13, 'I': 13, 'C': 12, 'Y': 12, 'A': 14, 'O': 13, 'N': 13, 'S': 13, 'K': 10, 'V': 11, 'X': 9, 'W': 11, 'D': 12, 'G': 12, 'F': 12, 'M': 12, 'Q': 9, 'J': 9, 'Z': 8, '3': 6, '2': 8, '1': 8, '6': 5, '4': 8, '5': 7, '0': 8, '7': 8, '9': 5, '8': 1}","{'T': 51848, 'H': 23567, 'E': 51848, 'R': 23567, 'P': 4868, 'U': 10712, 'B': 4868, 'L': 23567, 'I': 23567, 'C': 10712, 'Y': 10712, 'A': 51848, 'O': 23567, 'N': 23567, 'S': 23567, 'K': 2212, 'V': 4868, 'X': 1005, 'W': 4868, 'D': 10712, 'G': 10712, 'F': 10712, 'M': 10712, 'Q': 1005, 'J': 1005, 'Z': 8, '3': 6, '2': 8, '1': 8, '6': 5, '4': 8, '5': 7, '0': 8, '7': 8, '9': 5, '8': 1}",0.89543126783981,0.25563878277673185,-2247.527777777778,3561.25,0.25563878277673185,33769492.86111111,5811.152455504081,0.42721359358980604,13870,233404475.31790128,0.9476347055282227,0.8770381184872346,0.9476347055282227,0.9651818377506611,0.9146398065980366,0.8770381184872346
1.225,10,137,377,0.6531645569620252,0.04556962025316458,"{'T': 14, 'H': 13, 'E': 14, 'R': 13, 'P': 11, 'U': 12, 'B': 11, 'L': 13, 'I': 13, 'C': 12, 'Y': 12, 'A': 13, 'O': 14, 'N': 13, 'S': 13, 'K': 11, 'V': 10, 'X': 8, 'W': 12, 'D': 12, 'G': 11, 'F': 11, 'M': 12, 'Q': 9, 'J': 9, 'Z': 8, '3': 6, '2': 8, '1': 8, '6': 5, '4': 8, '5': 7, '0': 8, '7': 8, '9': 5, '8': 1}","{'T': 59495, 'H': 26739, 'E': 59495, 'R': 26739, 'P': 5400, 'U': 12017, 'B': 5400, 'L': 26739, 'I': 26739, 'C': 12017, 'Y': 12017, 'A': 26739, 'O': 59495, 'N': 26739, 'S': 26739, 'K': 5400, 'V': 2427, 'X': 8, 'W': 12017, 'D': 12017, 'G': 5400, 'F': 5400, 'M': 12017, 'Q': 1090, 'J': 1090, 'Z': 8, '3': 6, '2': 8, '1': 8, '6': 5, '4': 8, '5': 7, '0': 8, '7': 8, '9': 5, '8': 1}",0.8716578946468883,0.30313645601424705,-881.4444444444445,3507.277777777778,0.30313645601424705,36024028.666666664,6002.002054870247,0.9508246195474671,22058,265840882.87577158,0.9382834272921564,0.8688288757328592,0.9382834272921564,0.9672766933131913,0.9075796909417252,0.8688288757328592
1.25,10,137,374,0.6531645569620252,0.05316455696202527,"{'T': 13, 'H': 13, 'E': 14, 'R': 13, 'P': 11, 'U': 12, 'B': 11, 'L': 12, 'I': 12, 'C': 12, 'Y': 11, 'A': 13, 'O': 13, 'N': 13, 'S': 13, 'K': 10, 'V': 10, 'X': 10, 'W': 12, 'D': 12, 'G': 11, 'F': 12, 'M': 12, 'Q': 8, 'J': 9, 'Z': 8, '3': 6, '2': 8, '1': 8, '6': 5, '4': 8, '5': 7, '0': 8, '7': 8, '9': 5, '8': 1}","{'T': 30300, 'H': 30300, 'E': 68177, 'R': 30300, 'P': 5984, 'U': 13466, 'B': 5984, 'L': 13466, 'I': 13466, 'C': 13466, 'Y': 5984, 'A': 30300, 'O': 30300, 'N': 30300, 'S': 30300, 'K': 2659, 'V': 2659, 'X': 2659, 'W': 13466, 'D': 13466, 'G': 5984, 'F': 13466, 'M': 13466, 'Q': 8, 'J': 1181, 'Z': 8, '3': 6, '2': 8, '1': 8, '6': 5, '4': 8, '5': 7, '0': 8, '7': 8, '9': 5, '8': 1}",0.902333878646998,0.32796042727015895,-2222.222222222222,3083.3888888888887,0.32796042727015895,31760692.888888888,5635.662595373226,0.971661775708406,22593,231734722.31712967,0.952206787657456,0.8843525849846479,0.952206787657456,0.966931247677972,0.9207184972370577,0.8843525849846479
1.2750000000000001,10,137,388,0.6531645569620252,0.017721518987341756,"{'T': 13, 'H': 14, 'E': 14, 'R': 13, 'P': 10, 'U': 12, 'B': 11, 'L': 12, 'I': 12, 'C': 12, 'Y': 12, 'A': 13, 'O': 13, 'N': 13, 'S': 13, 'K': 10, 'V': 10, 'X': 9, 'W': 12, 'D': 13, 'G': 11, 'F': 11, 'M': 11, 'Q': 9, 'J': 9, 'Z': 8, '3': 6, '2': 8, '1': 8, '6': 5, '4': 8, '5': 7, '0': 8, '7': 8, '9': 5, '8': 1}","{'T': 34295, 'H': 78023, 'E': 78023, 'R': 34295, 'P': 2912, 'U': 15074, 'B': 6626, 'L': 15074, 'I': 15074, 'C': 15074, 'Y': 15074, 'A': 34295, 'O': 34295, 'N': 34295, 'S': 34295, 'K': 2912, 'V': 2912, 'X': 1279, 'W': 15074, 'D': 34295, 'G': 6626, 'F': 6626, 'M': 6626, 'Q': 1279, 'J': 1279, 'Z': 8, '3': 6, '2': 8, '1': 8, '6': 5, '4': 8, '5': 7, '0': 8, '7': 8, '9': 5, '8': 1}",0.684206450658171,0.33269350376716905,681.25,4426.805555555556,0.33269350376716905,87191694.52777778,9337.649304175959,0.4793076769952012,43871,292574297.45987654,0.8857912333691091,0.6825165584950661,0.8857912333691091,0.930713661305641,0.8244180019614031,0.6825165584950661
1.3,10,137,368,0.6531645569620252,0.06835443037974687,"{'T': 12, 'H': 12, 'E': 13, 'R': 12, 'P': 11, 'U': 11, 'B': 11, 'L': 12, 'I': 12, 'C': 11, 'Y': 11, 'A': 12, 'O': 12, 'N': 13, 'S': 12, 'K': 10, 'V': 10, 'X': 8, 'W': 12, 'D': 12, 'G': 11, 'F': 11, 'M': 12, 'Q': 8, 'J': 9, 'Z': 8, '3': 6, '2': 8, '1': 8, '6': 5, '4': 8, '5': 7, '0': 8, '7': 8, '9': 5, '8': 1}","{'T': 16856, 'H': 16856, 'E': 38771, 'R': 16856, 'P': 7328, 'U': 7328, 'B': 7328, 'L': 16856, 'I': 16856, 'C': 7328, 'Y': 7328, 'A': 16856, 'O': 16856, 'N': 38771, 'S': 16856, 'K': 3186, 'V': 3186, 'X': 8, 'W': 16856, 'D': 16856, 'G': 7328, 'F': 7328, 'M': 16856, 'Q': 8, 'J': 1385, 'Z': 8, '3': 6, '2': 8, '1': 8, '6': 5, '4': 8, '5': 7, '0': 8, '7': 8, '9': 5, '8': 1}",0.7069612053168667,0.355109913858816,-4974.444444444444,5779.777777777777,0.355109913858816,105223465.0,10257.848946051019,1.5360617574974538,30196,147744229.3757716,0.8856417321810073,0.6168590600721592,0.8856417321810073,0.8493763838876303,0.7522431718998811,0.6168590600721592
1.3250000000000002,10,137,376,0.6531645569620252,0.048101265822784844,"{'T': 13, 'H': 13, 'E': 14, 'R': 12, 'P': 11, 'U': 12, 'B': 11, 'L': 11, 'I': 13, 'C': 11, 'Y': 11, 'A': 13, 'O': 13, 'N': 12, 'S': 12, 'K': 10, 'V': 10, 'X': 9, 'W': 11, 'D': 12, 'G': 11, 'F': 11, 'M': 11, 'Q': 8, 'J': 9, 'Z': 8, '3': 6, '2': 8, '1': 8, '6': 5, '4': 8, '5': 7, '0': 8, '7': 8, '9': 5, '8': 1}","{'T': 43780, 'H': 43780, 'E': 101789, 'R': 18829, 'P': 8098, 'U': 18829, 'B': 8098, 'L': 8098, 'I': 43780, 'C': 8098, 'Y': 8098, 'A': 43780, 'O': 43780, 'N': 18829, 'S': 18829, 'K': 3482, 'V': 3482, 'X': 1497, 'W': 8098, 'D': 18829, 'G': 8098, 'F': 8098, 'M': 8098, 'Q': 8, 'J': 1497, 'Z': 8, '3': 6, '2': 8, '1': 8, '6': 5, '4': 8, '5': 7, '0': 8, '7': 8, '9': 5, '8': 1}",0.7603967479536129,0.3087919078902804,-95.13888888888889,4045.472222222222,0.3087919078902804,65812210.972222224,8112.472556022746,0.9431837375278407,37311,319051902.5416666,0.9292176837086645,0.7603637898578366,0.9292176837086645,0.9510860423004028,0.8837659692340213,0.7603637898578366
1.35,10,137,381,0.6531645569620252,0.03544303797468351,"{'T': 12, 'H': 13, 'E': 13, 'R': 12, 'P': 10, 'U': 12, 'B': 11, 'L': 12, 'I': 12, 'C': 12, 'Y': 11, 'A': 13, 'O': 12, 'N': 12, 'S': 12, 'K': 9, 'V': 10, 'X': 9, 'W': 12, 'D': 12, 'G': 11, 'F': 11, 'M': 11, 'Q': 8, 'J': 9, 'Z': 8, '3': 6, '2': 8, '1': 8, '6': 5, '4': 8, '5': 7, '0': 8, '7': 8, '9': 5, '8': 1}","{'T': 21012, 'H': 49379, 'E': 49379, 'R': 21012, 'P': 3804, 'U': 21012, 'B': 8941, 'L': 21012, 'I': 21012, 'C': 21012, 'Y': 8941, 'A': 49379, 'O': 21012, 'N': 21012, 'S': 21012, 'K': 1618, 'V': 3804, 'X': 1618, 'W': 21012, 'D': 21012, 'G': 8941, 'F': 8941, 'M': 8941, 'Q': 8, 'J': 1618, 'Z': 8, '3': 6, '2': 8, '1': 8, '6': 5, '4': 8, '5': 7, '0': 8, '7': 8, '9': 5, '8': 1}",0.7723167906519517,0.36518099588257047,-1796.1944444444443,4855.805555555556,0.36518099588257047,65755827.027777776,8108.996672078351,0.9792314987323643,26040,207648751.91049382,0.8790179402012236,0.7605690957510732,0.8790179402012236,0.9269218041057501,0.8147808949726385,0.7605690957510732
1.375,10,137,381,0.6531645569620252,0.03544303797468351,"{'T': 13, 'H': 12, 'E': 13, 'R': 12, 'P': 11, 'U': 11, 'B': 10, 'L': 12, 'I': 12, 'C': 11, 'Y': 11, 'A': 12, 'O': 12, 'N': 12, 'S': 12, 'K': 10, 'V': 10, 'X': 8, 'W': 11, 'D': 12, 'G': 11, 'F': 11, 'M': 11, 'Q': 9, 'J': 9, 'Z': 8, '3': 6, '2': 8, '1': 8, '6': 5, '4': 8, '5': 7, '0': 8, '7': 8, '9': 5, '8': 1}","{'T': 55631, 'H': 23423, 'E': 55631, 'R': 23423, 'P': 9862, 'U': 9862, 'B': 4152, 'L': 23423, 'I': 23423, 'C': 9862, 'Y': 9862, 'A': 23423, 'O': 23423, 'N': 23423, 'S': 23423, 'K': 4152, 'V': 4152, 'X': 8, 'W': 9862, 'D': 23423, 'G': 9862, 'F': 9862, 'M': 9862, 'Q': 1748, 'J': 1748, 'Z': 8, '3': 6, '2': 8, '1': 8, '6': 5, '4': 8, '5': 7, '0': 8, '7': 8, '9': 5, '8': 1}",0.8925315628392682,0.32724581821055637,-2338.3888888888887,3627.277777777778,0.32724581821055637,34982531.44444445,5914.603236434752,0.9572037834754986,16855,221630091.06249988,0.9500899628703922,0.8726211878816224,0.9500899628703922,0.9620602435556291,0.9140437810788481,0.8726211878816224
1.4000000000000001,10,137,371,0.6531645569620252,0.06075949367088607,"{'T': 12, 'H': 12, 'E': 13, 'R': 12, 'P': 10, 'U': 11, 'B': 11, 'L': 11, 'I': 12, 'C': 11, 'Y': 11, 'A': 12, 'O': 12, 'N': 12, 'S': 12, 'K': 10, 'V': 10, 'X': 8, 'W': 11, 'D': 11, 'G': 11, 'F': 11, 'M': 11, 'Q': 8, 'J': 9, 'Z': 8, '3': 6, '2': 8, '1': 8, '6': 5, '4': 8, '5': 7, '0': 8, '7': 8, '9': 5, '8': 1}","{'T': 26085, 'H': 26085, 'E': 62605, 'R': 26085, 'P': 4528, 'U': 10868, 'B': 10868, 'L': 10868, 'I': 26085, 'C': 10868, 'Y': 10868, 'A': 26085, 'O': 26085, 'N': 26085, 'S': 26085, 'K': 4528, 'V': 4528, 'X': 8, 'W': 10868, 'D': 10868, 'G': 10868, 'F': 10868, 'M': 10868, 'Q': 8, 'J': 1886, 'Z': 8, '3': 6, '2': 8, '1': 8, '6': 5, '4': 8, '5': 7, '0': 8, '7': 8, '9': 5, '8': 1}",0.9023247635471381,0.30657730699576374,-2934.8888888888887,3392.9444444444443,0.30657730699576374,35438497.38888889,5953.024222098285,1.4450639016359712,20967,210897395.1597222,0.9647997721220243,0.8709609192283373,0.9647997721220243,0.9598753238624582,0.926087493728054,0.8709609192283373
1.425,10,137,375,0.6531645569620252,0.05063291139240511,"{'T': 12, 'H': 12, 'E': 13, 'R': 12, 'P': 10, 'U': 11, 'B': 10, 'L': 11, 'I': 12, 'C': 11, 'Y': 11, 'A': 12, 'O': 12, 'N': 12, 'S': 12, 'K': 9, 'V': 10, 'X': 8, 'W': 11, 'D': 11, 'G': 11, 'F': 10, 'M': 11, 'Q': 9, 'J': 9, 'Z': 8, '3': 6, '2': 8, '1': 8, '6': 5, '4': 8, '5': 7, '0': 8, '7': 8, '9': 5, '8': 1}","{'T': 29021, 'H': 29021, 'E': 70377, 'R': 29021, 'P': 4934, 'U': 11967, 'B': 4934, 'L': 11967, 'I': 29021, 'C': 11967, 'Y': 11967, 'A': 29021, 'O': 29021, 'N': 29021, 'S': 29021, 'K': 2034, 'V': 4934, 'X': 8, 'W': 11967, 'D': 11967, 'G': 11967, 'F': 4934, 'M': 11967, 'Q': 2034, 'J': 2034, 'Z': 8, '3': 6, '2': 8, '1': 8, '6': 5, '4': 8, '5': 7, '0': 8, '7': 8, '9': 5, '8': 1}",0.927713862208543,0.32486862178154674,-2138.3333333333335,2927.277777777778,0.32486862178154674,24424688.555555556,4942.134008255498,0.973489025526151,18031,237775048.88811728,0.965652174857283,0.9110645317504006,0.965652174857283,0.9750310240841507,0.941540828960184,0.9110645317504006
1.4500000000000002,10,137,358,0.6531645569620252,0.09367088607594942,"{'T': 12, 'H': 12, 'E': 13, 'R': 12, 'P': 10, 'U': 11, 'B': 10, 'L': 11, 'I': 11, 'C': 11, 'Y': 10, 'A': 12, 'O': 12, 'N': 12, 'S': 11, 'K': 10, 'V': 10, 'X': 8, 'W': 11, 'D': 11, 'G': 10, 'F': 10, 'M': 10, 'Q': 8, 'J': 8, 'Z': 8, '3': 6, '2': 8, '1': 8, '6': 5, '4': 8, '5': 7, '0': 8, '7': 8, '9': 5, '8': 1}","{'T': 32256, 'H': 32256, 'E': 79029, 'R': 32256, 'P': 5373, 'U': 13165, 'B': 5373, 'L': 13165, 'I': 13165, 'C': 13165, 'Y': 5373, 'A': 32256, 'O': 32256, 'N': 32256, 'S': 13165, 'K': 5373, 'V': 5373, 'X': 8, 'W': 13165, 'D': 13165, 'G': 5373, 'F': 5373, 'M': 5373, 'Q': 8, 'J': 8, 'Z': 8, '3': 6, '2': 8, '1': 8, '6': 5, '4': 8, '5': 7, '0': 8, '7': 8, '9': 5, '8': 1}",0.8556754973300049,0.3557714385777228,-2593.8611111111113,3948.972222222222,0.3557714385777228,46364506.86111111,6809.14876185791,2.123186492001007,22894,246845757.00308642,0.9260947211000694,0.8311770027906139,0.9260947211000694,0.9553420031423976,0.8847371859553403,0.8311770027906139
1.475,10,137,368,0.6531645569620252,0.06835443037974687,"{'T': 12, 'H': 12, 'E': 13, 'R': 12, 'P': 10, 'U': 11, 'B': 10, 'L': 11, 'I': 12, 'C': 10, 'Y': 11, 'A': 12, 'O': 12, 'N': 12, 'S': 12, 'K': 9, 'V': 9, 'X': 8, 'W': 11, 'D': 11, 'G': 10, 'F': 11, 'M': 11, 'Q': 8, 'J': 8, 'Z': 8, '3': 6, '2': 8, '1': 8, '6': 5, '4': 8, '5': 7, '0': 8, '7': 8, '9': 5, '8': 1}","{'T': 35818, 'H': 35818, 'E': 88650, 'R': 35818, 'P': 5846, 'U': 14471, 'B': 5846, 'L': 14471, 'I': 35818, 'C': 5846, 'Y': 14471, 'A': 35818, 'O': 35818, 'N': 35818, 'S': 35818, 'K': 2362, 'V': 2362, 'X': 8, 'W': 14471, 'D': 14471, 'G': 5846, 'F': 14471, 'M': 14471, 'Q': 8, 'J': 8, 'Z': 8, '3': 6, '2': 8, '1': 8, '6': 5, '4': 8, '5': 7, '0': 8, '7': 8, '9': 5, '8': 1}",0.904245101674395,0.2930771174560826,97.66666666666667,2640.8333333333335,0.2930771174560826,26307073.555555556,5129.042167457346,2.038168232126626,24172,300008602.3603395,0.9653444264198899,0.9042103689626035,0.9653444264198899,0.9785595599124216,0.9446470170813566,0.9042103689626035
1.5,10,137,360,0.6531645569620252,0.08860759493670889,"{'T': 11, 'H': 12, 'E': 12, 'R': 11, 'P': 10, 'U': 10, 'B': 10, 'L': 11, 'I': 12, 'C': 10, 'Y': 11, 'A': 12, 'O': 12, 'N': 12, 'S': 12, 'K': 9, 'V': 10, 'X': 8, 'W': 10, 'D': 11, 'G': 10, 'F': 10, 'M': 10, 'Q': 8, 'J': 8, 'Z': 8, '3': 6, '2': 8, '1': 8, '6': 5, '4': 8, '5': 7, '0': 8, '7': 8, '9': 5, '8': 1}","{'T': 15894, 'H': 39735, 'E': 39735, 'R': 15894, 'P': 6357, 'U': 6357, 'B': 6357, 'L': 15894, 'I': 39735, 'C': 6357, 'Y': 15894, 'A': 39735, 'O': 39735, 'N': 39735, 'S': 39735, 'K': 2542, 'V': 6357, 'X': 8, 'W': 6357, 'D': 15894, 'G': 6357, 'F': 6357, 'M': 6357, 'Q': 8, 'J': 8, 'Z': 8, '3': 6, '2': 8, '1': 8, '6': 5, '4': 8, '5': 7, '0': 8, '7': 8, '9': 5, '8': 1}",0.8064374635984335,0.33608402243177465,-2325.3611111111113,3959.1388888888887,0.33608402243177465,58566125.63888889,7652.850817759934,2.1075040997945886,31158,219686138.90586418,0.8980484056517284,0.7867483224847622,0.8980484056517284,0.9376280824098395,0.8420354045024437,0.7867483224847622
1.5250000000000001,10,137,362,0.6531645569620252,0.08354430379746836,"{'T': 12, 'H': 11, 'E': 12, 'R': 11, 'P': 10, 'U': 11, 'B': 10, 'L': 11, 'I': 11, 'C': 10, 'Y': 10, 'A': 12, 'O': 11, 'N': 11, 'S': 12, 'K': 9, 'V': 10, 'X': 8, 'W': 10, 'D': 11, 'G': 10, 'F': 10, 'M': 10, 'Q': 8, 'J': 8, 'Z': 8, '3': 6, '2': 8, '1': 8, '6': 5, '4': 8, '5': 7, '0': 8, '7': 8, '9': 5, '8': 1}","{'T': 44041, 'H': 17441, 'E': 44041, 'R': 17441, 'P': 6907, 'U': 17441, 'B': 6907, 'L': 17441, 'I': 17441, 'C': 6907, 'Y': 6907, 'A': 44041, 'O': 17441, 'N': 17441, 'S': 44041, 'K': 2735, 'V': 6907, 'X': 8, 'W': 6907, 'D': 17441, 'G': 6907, 'F': 6907, 'M': 6907, 'Q': 8, 'J': 8, 'Z': 8, '3': 6, '2': 8, '1': 8, '6': 5, '4': 8, '5': 7, '0': 8, '7': 8, '9': 5, '8': 1}",0.82072908011106,0.33898238773870903,-3347.027777777778,4442.638888888889,0.33898238773870903,60436454.86111111,7774.088683640746,2.0964303970317486,20437,204410833.10956788,0.9107549497194151,0.7799380573392766,0.9107549497194151,0.9311720236187315,0.8480695295510038,0.7799380573392766
1.55,10,137,373,0.6531645569620252,0.05569620253164553,"{'T': 12, 'H': 11, 'E': 12, 'R': 12, 'P': 10, 'U': 11, 'B': 10, 'L': 11, 'I': 11, 'C': 10, 'Y': 10, 'A': 11, 'O': 12, 'N': 12, 'S': 11, 'K': 9, 'V': 10, 'X': 9, 'W': 10, 'D': 11, 'G': 10, 'F': 11, 'M': 10, 'Q': 8, 'J': 8, 'Z': 8, '3': 6, '2': 8, '1': 8, '6': 5, '4': 8, '5': 7, '0': 8, '7': 8, '9': 5, '8': 1}","{'T': 48769, 'H': 19124, 'E': 48769, 'R': 48769, 'P': 7499, 'U': 19124, 'B': 7499, 'L': 19124, 'I': 19124, 'C': 7499, 'Y': 7499, 'A': 19124, 'O': 48769, 'N': 48769, 'S': 19124, 'K': 2940, 'V': 7499, 'X': 2940, 'W': 7499, 'D': 19124, 'G': 7499, 'F': 19124, 'M': 7499, 'Q': 8, 'J': 8, 'Z': 8, '3': 6, '2': 8, '1': 8, '6': 5, '4': 8, '5': 7, '0': 8, '7': 8, '9': 5, '8': 1}",0.7750618538916138,0.41366457648924615,-1066.1666666666667,4616.055555555556,0.41366457648924615,62912336.666666664,7931.729739890705,1.6198066840049432,21154,236090071.89274693,0.8846695465963832,0.7709228468809364,0.8846695465963832,0.9376500136197075,0.8295104124150391,0.7709228468809364
1.5750000000000002,10,137,367,0.6531645569620252,0.07088607594936713,"{'T': 12, 'H': 12, 'E': 12, 'R': 11, 'P': 10, 'U': 10, 'B': 10, 'L': 11, 'I': 11, 'C': 10, 'Y': 10, 'A': 11, 'O': 11, 'N': 11, 'S': 12, 'K': 9, 'V': 9, 'X': 9, 'W': 10, 'D': 11, 'G': 10, 'F': 10, 'M': 10, 'Q': 8, 'J': 8, 'Z': 8, '3': 6, '2': 8, '1': 8, '6': 5, '4': 8, '5': 7, '0': 8, '7': 8, '9': 5, '8': 1}","{'T': 53956, 'H': 53956, 'E': 53956, 'R': 20953, 'P': 8137, 'U': 8137, 'B': 8137, 'L': 20953, 'I': 20953, 'C': 8137, 'Y': 8137, 'A': 20953, 'O': 20953, 'N': 20953, 'S': 53956, 'K': 3159, 'V': 3159, 'X': 3159, 'W': 8137, 'D': 20953, 'G': 8137, 'F': 8137, 'M': 8137, 'Q': 8, 'J': 8, 'Z': 8, '3': 6, '2': 8, '1': 8, '6': 5, '4': 8, '5': 7, '0': 8, '7': 8, '9': 5, '8': 1}",0.7791025517642126,0.4081950426628803,-1552.388888888889,4602.444444444444,0.4081950426628803,63075824.222222224,7942.028973897176,1.6163486526669126,21382,243596351.50694445,0.8892701513781252,0.7703275540372531,0.8892701513781252,0.9392477974960471,0.8352450310608804,0.7703275540372531
1.6,10,137,377,0.6531645569620252,0.04556962025316458,"{'T': 12, 'H': 12, 'E': 11, 'R': 11, 'P': 10, 'U': 10, 'B': 10, 'L': 11, 'I': 12, 'C': 10, 'Y': 10, 'A': 12, 'O': 11, 'N': 11, 'S': 12, 'K': 9, 'V': 9, 'X': 9, 'W': 10, 'D': 11, 'G': 10, 'F': 10, 'M': 10, 'Q': 8, 'J': 8, 'Z': 8, '3': 6, '2': 8, '1': 8, '6': 5, '4': 8, '5': 7, '0': 8, '7': 8, '9': 5, '8': 1}","{'T': 59642, 'H': 59642, 'E': 22939, 'R': 22939, 'P': 8822, 'U': 8822, 'B': 8822, 'L': 22939, 'I': 59642, 'C': 8822, 'Y': 8822, 'A': 59642, 'O': 22939, 'N': 22939, 'S': 59642, 'K': 3392, 'V': 3392, 'X': 3392, 'W': 8822, 'D': 22939, 'G': 8822, 'F': 8822, 'M': 8822, 'Q': 8, 'J': 8, 'Z': 8, '3': 6, '2': 8, '1': 8, '6': 5, '4': 8, '5': 7, '0': 8, '7': 8, '9': 5, '8': 1}",0.5252336947535597,0.4470170994063871,675.75,6044.916666666667,0.4470170994063871,130843528.3611111,11438.685604609958,1.6352027023298872,41539,266664839.47376537,0.8157700498098097,0.5235709787759678,0.8157700498098097,0.8907995685543241,0.7266876084101179,0.5235709787759678
1.625,10,137,366,0.6531645569620252,0.07341772151898729,"{'T': 12, 'H': 11, 'E': 12, 'R': 11, 'P': 10, 'U': 10, 'B': 10, 'L': 10, 'I': 11, 'C': 10, 'Y': 10, 'A': 11, 'O': 11, 'N': 11, 'S': 11, 'K': 9, 'V': 9, 'X': 8, 'W': 10, 'D': 10, 'G': 10, 'F': 10, 'M': 10, 'Q': 8, 'J': 8, 'Z': 8, '3': 6, '2': 8, '1': 8, '6': 5, '4': 8, '5': 7, '0': 8, '7': 8, '9': 5, '8': 1}","{'T': 65871, 'H': 25093, 'E': 65871, 'R': 25093, 'P': 9559, 'U': 9559, 'B': 9559, 'L': 9559, 'I': 25093, 'C': 9559, 'Y': 9559, 'A': 25093, 'O': 25093, 'N': 25093, 'S': 25093, 'K': 3641, 'V': 3641, 'X': 8, 'W': 9559, 'D': 9559, 'G': 9559, 'F': 9559, 'M': 9559, 'Q': 8, 'J': 8, 'Z': 8, '3': 6, '2': 8, '1': 8, '6': 5, '4': 8, '5': 7, '0': 8, '7': 8, '9': 5, '8': 1}",0.8793397572318352,0.31846169664466123,-2257.1944444444443,3696.1388888888887,0.31846169664466123,38232311.75,6183.228262809,2.055056310783305,18819,248791114.10493824,0.9381345137489954,0.8607880489441283,0.9381345137489954,0.9632159044093495,0.9036260841183639,0.8607880489441283
1.6500000000000001,10,137,375,0.6531645569620252,0.05063291139240511,"{'T': 12, 'H': 11, 'E': 12, 'R': 11, 'P': 10, 'U': 10, 'B': 10, 'L': 11, 'I': 11, 'C': 10, 'Y': 10, 'A': 11, 'O': 11, 'N': 12, 'S': 10, 'K': 9, 'V': 9, 'X': 8, 'W': 10, 'D': 11, 'G': 9, 'F': 10, 'M': 10, 'Q': 8, 'J': 9, 'Z': 8, '3': 6, '2': 8, '1': 8, '6': 5, '4': 8, '5': 7, '0': 8, '7': 8, '9': 5, '8': 1}","{'T': 72688, 'H': 27429, 'E': 72688, 'R': 27429, 'P': 10350, 'U': 10350, 'B': 10350, 'L': 27429, 'I': 27429, 'C': 10350, 'Y': 10350, 'A': 27429, 'O': 27429, 'N': 72688, 'S': 10350, 'K': 3905, 'V': 3905, 'X': 8, 'W': 10350, 'D': 27429, 'G': 3905, 'F': 10350, 'M': 10350, 'Q': 8, 'J': 3905, 'Z': 8, '3': 6, '2': 8, '1': 8, '6': 5, '4': 8, '5': 7, '0': 8, '7': 8, '9': 5, '8': 1}",0.6786478683964743,0.4034386190959791,492.94444444444446,4857.888888888889,0.4034386190959791,88497161.94444445,9407.293018953138,1.5197107181654228,37122,296830081.51620364,0.8875321312608437,0.6777630749154593,0.8875321312608437,0.9310611456459161,0.8263466829292828,0.6777630749154593
1.675,10,137,365,0.6531645569620252,0.07594936708860756,"{'T': 11, 'H': 11, 'E': 12, 'R': 10, 'P': 10, 'U': 10, 'B': 10, 'L': 10, 'I': 11, 'C': 10, 'Y': 10, 'A': 11, 'O': 11, 'N': 11, 'S': 11, 'K': 9, 'V': 9, 'X': 8, 'W': 10, 'D': 10, 'G': 10, 'F': 10, 'M': 10, 'Q': 8, 'J': 8, 'Z': 8, '3': 6, '2': 8, '1': 8, '6': 5, '4': 8, '5': 7, '0': 8, '7': 8, '9': 5, '8': 1}","{'T': 29959, 'H': 29959, 'E': 80143, 'R': 11199, 'P': 11199, 'U': 11199, 'B': 11199, 'L': 11199, 'I': 29959, 'C': 11199, 'Y': 11199, 'A': 29959, 'O': 29959, 'N': 29959, 'S': 29959, 'K': 4186, 'V': 4186, 'X': 8, 'W': 11199, 'D': 11199, 'G': 11199, 'F': 11199, 'M': 11199, 'Q': 8, 'J': 8, 'Z': 8, '3': 6, '2': 8, '1': 8, '6': 5, '4': 8, '5': 7, '0': 8, '7': 8, '9': 5, '8': 1}",0.8832376286549497,0.3089473813922412,-1901.861111111111,3420.25,0.3089473813922412,35683973.30555555,5973.606390243297,2.056402275533342,17381,246903568.50308636,0.9399522268029409,0.8700670893830522,0.9399522268029409,0.9654044327554463,0.9074340463339118,0.8700670893830522
1.7000000000000002,10,137,362,0.6531645569620252,0.08354430379746836,"{'T': 11, 'H': 11, 'E': 12, 'R': 11, 'P': 9, 'U': 10, 'B': 10, 'L': 10, 'I': 11, 'C': 10, 'Y': 10, 'A': 11, 'O': 11, 'N': 10, 'S': 11, 'K': 9, 'V': 9, 'X': 8, 'W': 9, 'D': 10, 'G': 10, 'F': 9, 'M': 10, 'Q': 8, 'J': 8, 'Z': 8, '3': 6, '2': 8, '1': 8, '6': 5, '4': 8, '5': 7, '0': 8, '7': 8, '9': 5, '8': 1}","{'T': 32699, 'H': 32699, 'E': 88290, 'R': 32699, 'P': 4485, 'U': 12110, 'B': 12110, 'L': 12110, 'I': 32699, 'C': 12110, 'Y': 12110, 'A': 32699, 'O': 32699, 'N': 12110, 'S': 32699, 'K': 4485, 'V': 4485, 'X': 8, 'W': 4485, 'D': 12110, 'G': 12110, 'F': 4485, 'M': 12110, 'Q': 8, 'J': 8, 'Z': 8, '3': 6, '2': 8, '1': 8, '6': 5, '4': 8, '5': 7, '0': 8, '7': 8, '9': 5, '8': 1}",0.8363414205303842,0.337826373025464,-1457.9166666666667,3673.972222222222,0.337826373025464,47071704.027777776,6860.8821610473515,2.1111091676839533,23812,269118056.566358,0.9244940596080699,0.8286019480045833,0.9244940596080699,0.9583576853926274,0.8859959871252235,0.8286019480045833
1.725,10,137,359,0.6531645569620252,0.09113924050632916,"{'T': 11, 'H': 11, 'E': 11, 'R': 11, 'P': 9, 'U': 10, 'B': 9, 'L': 10, 'I': 10, 'C': 10, 'Y': 10, 'A': 11, 'O': 11, 'N': 11, 'S': 11, 'K': 8, 'V': 9, 'X': 8, 'W': 10, 'D': 10, 'G': 10, 'F': 9, 'M': 10, 'Q': 8, 'J': 8, 'Z': 8, '3': 6, '2': 8, '1': 8, '6': 5, '4': 8, '5': 7, '0': 8, '7': 8, '9': 5, '8': 1}","{'T': 35664, 'H': 35664, 'E': 35664, 'R': 35664, 'P': 4802, 'U': 13087, 'B': 4802, 'L': 13087, 'I': 13087, 'C': 13087, 'Y': 13087, 'A': 35664, 'O': 35664, 'N': 35664, 'S': 35664, 'K': 8, 'V': 4802, 'X': 8, 'W': 13087, 'D': 13087, 'G': 13087, 'F': 4802, 'M': 13087, 'Q': 8, 'J': 8, 'Z': 8, '3': 6, '2': 8, '1': 8, '6': 5, '4': 8, '5': 7, '0': 8, '7': 8, '9': 5, '8': 1}",0.8400511749941711,0.32836761393874725,-2188.1111111111113,3448.9444444444443,0.32836761393874725,48715189.166666664,6979.626721155413,2.9773481872492162,28814,210529717.88503087,0.9207814686442907,0.8226176702498893,0.9207814686442907,0.945510561445939,0.8706086033868796,0.8226176702498893
1.75,10,137,367,0.6531645569620252,0.07088607594936713,"{'T': 11, 'H': 11, 'E': 11, 'R': 11, 'P': 9, 'U': 10, 'B': 10, 'L': 10, 'I': 10, 'C': 10, 'Y': 10, 'A': 10, 'O': 11, 'N': 10, 'S': 11, 'K': 9, 'V': 9, 'X': 8, 'W': 10, 'D': 11, 'G': 9, 'F': 10, 'M': 10, 'Q': 8, 'J': 8, 'Z': 8, '3': 6, '2': 8, '1': 8, '6': 5, '4': 8, '5': 7, '0': 8, '7': 8, '9': 5, '8': 1}","{'T': 38870, 'H': 38870, 'E': 38870, 'R': 38870, 'P': 5139, 'U': 14134, 'B': 14134, 'L': 14134, 'I': 14134, 'C': 14134, 'Y': 14134, 'A': 14134, 'O': 38870, 'N': 14134, 'S': 38870, 'K': 5139, 'V': 5139, 'X': 8, 'W': 14134, 'D': 38870, 'G': 5139, 'F': 14134, 'M': 14134, 'Q': 8, 'J': 8, 'Z': 8, '3': 6, '2': 8, '1': 8, '6': 5, '4': 8, '5': 7, '0': 8, '7': 8, '9': 5, '8': 1}",0.7025850803830239,0.38908744788796906,-1471.1944444444443,5082.638888888889,0.38908744788796906,83844612.52777778,9156.67038435794,2.130450686497757,26144,197848447.5216049,0.8384601248143243,0.6947039935267443,0.8384601248143243,0.9042526938354375,0.7581798265369499,0.6947039935267443
1.7750000000000001,10,137,359,0.6531645569620252,0.09113924050632916,"{'T': 11, 'H': 11, 'E': 11, 'R': 10, 'P': 9, 'U': 9, 'B': 9, 'L': 10, 'I': 11, 'C': 10, 'Y': 10, 'A': 11, 'O': 10, 'N': 10, 'S': 10, 'K': 9, 'V': 9, 'X': 8, 'W': 9, 'D': 10, 'G': 9, 'F': 10, 'M': 9, 'Q': 8, 'J': 8, 'Z': 8, '3': 6, '2': 8, '1': 8, '6': 5, '4': 8, '5': 7, '0': 8, '7': 8, '9': 5, '8': 1}","{'T': 42334, 'H': 42334, 'E': 42334, 'R': 15255, 'P': 5497, 'U': 5497, 'B': 5497, 'L': 15255, 'I': 42334, 'C': 15255, 'Y': 15255, 'A': 42334, 'O': 15255, 'N': 15255, 'S': 15255, 'K': 5497, 'V': 5497, 'X': 8, 'W': 5497, 'D': 15255, 'G': 5497, 'F': 15255, 'M': 5497, 'Q': 8, 'J': 8, 'Z': 8, '3': 6, '2': 8, '1': 8, '6': 5, '4': 8, '5': 7, '0': 8, '7': 8, '9': 5, '8': 1}",0.8014288232450015,0.3931178814565403,-3003.9444444444443,4791.944444444444,0.3931178814565403,63558045.666666664,7972.330002368609,2.157326718922424,22182,207354622.63966042,0.8969213802252746,0.7685716835431784,0.8969213802252746,0.9290112222963454,0.8332500277468075,0.7685716835431784
1.8,10,137,371,0.6531645569620252,0.06075949367088607,"{'T': 11, 'H': 10, 'E': 11, 'R': 10, 'P': 9, 'U': 10, 'B': 9, 'L': 10, 'I': 11, 'C': 10, 'Y': 9, 'A': 10, 'O': 11, 'N': 10, 'S': 10, 'K': 9, 'V': 9, 'X': 8, 'W': 10, 'D': 10, 'G': 10, 'F': 9, 'M': 10, 'Q': 8, 'J': 8, 'Z': 8, '3': 6, '2': 8, '1': 8, '6': 5, '4': 8, '5': 7, '0': 8, '7': 8, '9': 5, '8': 1}","{'T': 46074, 'H': 16454, 'E': 46074, 'R': 16454, 'P': 5876, 'U': 16454, 'B': 5876, 'L': 16454, 'I': 46074, 'C': 16454, 'Y': 5876, 'A': 16454, 'O': 46074, 'N': 16454, 'S': 16454, 'K': 5876, 'V': 5876, 'X': 8, 'W': 16454, 'D': 16454, 'G': 16454, 'F': 5876, 'M': 16454, 'Q': 8, 'J': 8, 'Z': 8, '3': 6, '2': 8, '1': 8, '6': 5, '4': 8, '5': 7, '0': 8, '7': 8, '9': 5, '8': 1}",0.7781898818077746,0.4023967098948114,-2335.6388888888887,4918.194444444444,0.4023967098948114,66371772.027777776,8146.887260038509,2.1313452305942757,23824,205674662.99999997,0.882825930711464,0.7583263094462899,0.882825930711464,0.9256315678662335,0.8171715503974192,0.7583263094462899
1.8250000000000002,10,137,367,0.6531645569620252,0.07088607594936713,"{'T': 11, 'H': 11, 'E': 11, 'R': 10, 'P': 10, 'U': 10, 'B': 9, 'L': 10, 'I': 10, 'C': 10, 'Y': 10, 'A': 11, 'O': 10, 'N': 11, 'S': 10, 'K': 8, 'V': 9, 'X': 8, 'W': 10, 'D': 10, 'G': 9, 'F': 10, 'M': 10, 'Q': 8, 'J': 8, 'Z': 8, '3': 6, '2': 8, '1': 8, '6': 5, '4': 8, '5': 7, '0': 8, '7': 8, '9': 5, '8': 1}","{'T': 50111, 'H': 50111, 'E': 50111, 'R': 17738, 'P': 17738, 'U': 17738, 'B': 6278, 'L': 17738, 'I': 17738, 'C': 17738, 'Y': 17738, 'A': 50111, 'O': 17738, 'N': 50111, 'S': 17738, 'K': 8, 'V': 6278, 'X': 8, 'W': 17738, 'D': 17738, 'G': 6278, 'F': 17738, 'M': 17738, 'Q': 8, 'J': 8, 'Z': 8, '3': 6, '2': 8, '1': 8, '6': 5, '4': 8, '5': 7, '0': 8, '7': 8, '9': 5, '8': 1}",0.7801097090274773,0.4231845333448907,-30.333333333333332,4991.277777777777,0.4231845333448907,60390233.61111111,7771.115338940165,2.99795633847692,19699,243472499.9158951,0.8896720447696399,0.780106358707889,0.8896720447696399,0.9420597325860338,0.8381242085849568,0.780106358707889
1.85,10,137,358,0.6531645569620252,0.09367088607594942,"{'T': 11, 'H': 10, 'E': 11, 'R': 10, 'P': 9, 'U': 10, 'B': 9, 'L': 10, 'I': 11, 'C': 9, 'Y': 10, 'A': 10, 'O': 10, 'N': 10, 'S': 11, 'K': 8, 'V': 9, 'X': 8, 'W': 9, 'D': 10, 'G': 9, 'F': 9, 'M': 10, 'Q': 8, 'J': 8, 'Z': 8, '3': 6, '2': 8, '1': 8, '6': 5, '4': 8, '5': 7, '0': 8, '7': 8, '9': 5, '8': 1}","{'T': 54465, 'H': 19110, 'E': 54465, 'R': 19110, 'P': 6705, 'U': 19110, 'B': 6705, 'L': 19110, 'I': 54465, 'C': 6705, 'Y': 19110, 'A': 19110, 'O': 19110, 'N': 19110, 'S': 54465, 'K': 8, 'V': 6705, 'X': 8, 'W': 6705, 'D': 19110, 'G': 6705, 'F': 6705, 'M': 19110, 'Q': 8, 'J': 8, 'Z': 8, '3': 6, '2': 8, '1': 8, '6': 5, '4': 8, '5': 7, '0': 8, '7': 8, '9': 5, '8': 1}",0.7458558404798266,0.39751407318564563,-1255.0,5105.111111111111,0.39751407318564563,71371609.72222222,8448.171975180325,3.0006316890885816,21891,242090724.03626543,0.874039985256053,0.7401208406020916,0.874039985256053,0.9315566495626705,0.8142177602489347,0.7401208406020916
1.875,10,137,356,0.6531645569620252,0.09873417721518984,"{'T': 10, 'H': 10, 'E': 11, 'R': 10, 'P': 9, 'U': 10, 'B': 9, 'L': 10, 'I': 11, 'C': 10, 'Y': 9, 'A': 10, 'O': 10, 'N': 10, 'S': 10, 'K': 9, 'V': 8, 'X': 8, 'W': 9, 'D': 10, 'G': 9, 'F': 9, 'M': 10, 'Q': 8, 'J': 8, 'Z': 8, '3': 6, '2': 8, '1': 8, '6': 5, '4': 8, '5': 7, '0': 8, '7': 8, '9': 5, '8': 1}","{'T': 20576, 'H': 20576, 'E': 59157, 'R': 20576, 'P': 7156, 'U': 20576, 'B': 7156, 'L': 20576, 'I': 59157, 'C': 20576, 'Y': 7156, 'A': 20576, 'O': 20576, 'N': 20576, 'S': 20576, 'K': 7156, 'V': 8, 'X': 8, 'W': 7156, 'D': 20576, 'G': 7156, 'F': 7156, 'M': 20576, 'Q': 8, 'J': 8, 'Z': 8, '3': 6, '2': 8, '1': 8, '6': 5, '4': 8, '5': 7, '0': 8, '7': 8, '9': 5, '8': 1}",0.7334739357708189,0.4298289428743509,-2382.1388888888887,5327.638888888889,0.4298289428743509,78871660.3611111,8880.97181400274,3.2123931218659547,26476,206888651.06944448,0.8567284444464763,0.7128115664654691,0.8567284444464763,0.9133057852275135,0.7824550446819353,0.7128115664654691
1.9000000000000001,10,137,361,0.6531645569620252,0.08607594936708862,"{'T': 11, 'H': 10, 'E': 11, 'R': 10, 'P': 9, 'U': 9, 'B': 10, 'L': 10, 'I': 10, 'C': 9, 'Y': 9, 'A': 10, 'O': 10, 'N': 10, 'S': 10, 'K': 9, 'V': 9, 'X': 8, 'W': 9, 'D': 10, 'G': 9, 'F': 9, 'M': 9, 'Q': 8, 'J': 8, 'Z': 8, '3': 6, '2': 8, '1': 8, '6': 5, '4': 8, '5': 7, '0': 8, '7': 8, '9': 5, '8': 1}","{'T': 64212, 'H': 22141, 'E': 64212, 'R': 22141, 'P': 7634, 'U': 7634, 'B': 22141, 'L': 22141, 'I': 22141, 'C': 7634, 'Y': 7634, 'A': 22141, 'O': 22141, 'N': 22141, 'S': 22141, 'K': 7634, 'V': 7634, 'X': 8, 'W': 7634, 'D': 22141, 'G': 7634, 'F': 7634, 'M': 7634, 'Q': 8, 'J': 8, 'Z': 8, '3': 6, '2': 8, '1': 8, '6': 5, '4': 8, '5': 7, '0': 8, '7': 8, '9': 5, '8': 1}",0.8221939159499261,0.4309133336058831,-2080.8055555555557,4571.583333333333,0.4309133336058831,53161318.19444445,7291.1808504826195,2.132098978538401,18137,233512090.9675926,0.9072437244865293,0.8064283720287821,0.9072437244865293,0.9465077748647834,0.8587132389237835,0.8064283720287821
1.925,10,137,357,0.6531645569620252,0.09620253164556958,"{'T': 10, 'H': 10, 'E': 10, 'R': 10, 'P': 9, 'U': 9, 'B': 9, 'L': 10, 'I': 10, 'C': 9, 'Y': 9, 'A': 10, 'O': 10, 'N': 10, 'S': 10, 'K': 9, 'V': 9, 'X': 8, 'W': 9, 'D': 10, 'G': 9, 'F': 9, 'M': 9, 'Q': 8, 'J': 8, 'Z': 8, '3': 6, '2': 8, '1': 8, '6': 5, '4': 8, '5': 7, '0': 8, '7': 8, '9': 5, '8': 1}","{'T': 23813, 'H': 23813, 'E': 23813, 'R': 23813, 'P': 8140, 'U': 8140, 'B': 8140, 'L': 23813, 'I': 23813, 'C': 8140, 'Y': 8140, 'A': 23813, 'O': 23813, 'N': 23813, 'S': 23813, 'K': 8140, 'V': 8140, 'X': 8, 'W': 8140, 'D': 23813, 'G': 8140, 'F': 8140, 'M': 8140, 'Q': 8, 'J': 8, 'Z': 8, '3': 6, '2': 8, '1': 8, '6': 5, '4': 8, '5': 7, '0': 8, '7': 8, '9': 5, '8': 1}",0.7262091951221926,0.39677809884740994,-4155.555555555556,5179.611111111111,0.39677809884740994,92460860.22222222,9615.657035388806,2.124534058949383,40665,148789629.14120373,0.9063122074569108,0.6633304093143204,0.9063122074569108,0.8656883316380926,0.78458390281661,0.6633304093143204
1.9500000000000002,10,137,350,0.6531645569620252,0.11392405063291144,"{'T': 10, 'H': 10, 'E': 11, 'R': 10, 'P': 9, 'U': 10, 'B': 9, 'L': 9, 'I': 10, 'C': 9, 'Y': 9, 'A': 10, 'O': 10, 'N': 10, 'S': 10, 'K': 8, 'V': 8, 'X': 8, 'W': 9, 'D': 10, 'G': 9, 'F': 9, 'M': 9, 'Q': 8, 'J': 8, 'Z': 8, '3': 6, '2': 8, '1': 8, '6': 5, '4': 8, '5': 7, '0': 8, '7': 8, '9': 5, '8': 1}","{'T': 25596, 'H': 25596, 'E': 75510, 'R': 25596, 'P': 8676, 'U': 25596, 'B': 8676, 'L': 8676, 'I': 25596, 'C': 8676, 'Y': 8676, 'A': 25596, 'O': 25596, 'N': 25596, 'S': 25596, 'K': 8, 'V': 8, 'X': 8, 'W': 8676, 'D': 25596, 'G': 8676, 'F': 8676, 'M': 8676, 'Q': 8, 'J': 8, 'Z': 8, '3': 6, '2': 8, '1': 8, '6': 5, '4': 8, '5': 7, '0': 8, '7': 8, '9': 5, '8': 1}",0.8612578617827498,0.3664373676888287,-2542.027777777778,4180.305555555556,0.3664373676888287,44565190.472222224,6675.716476320892,4.048430833533185,21456,233111525.63734567,0.9281396304214312,0.8377286951575822,0.9281396304214312,0.9545307947639434,0.8859378590780814,0.8377286951575822
1.975,10,137,356,0.6531645569620252,0.09873417721518984,"{'T': 10, 'H': 10, 'E': 10, 'R': 10, 'P': 9, 'U': 9, 'B': 9, 'L': 9, 'I': 10, 'C': 9, 'Y': 9, 'A': 10, 'O': 10, 'N': 10, 'S': 10, 'K': 8, 'V': 9, 'X': 8, 'W': 9, 'D': 9, 'G': 9, 'F': 9, 'M': 9, 'Q': 8, 'J': 8, 'Z': 8, '3': 6, '2': 8, '1': 8, '6': 5, '4': 8, '5': 7, '0': 8, '7': 8, '9': 5, '8': 1}","{'T': 27497, 'H': 27497, 'E': 27497, 'R': 27497, 'P': 9242, 'U': 9242, 'B': 9242, 'L': 9242, 'I': 27497, 'C': 9242, 'Y': 9242, 'A': 27497, 'O': 27497, 'N': 27497, 'S': 27497, 'K': 8, 'V': 9242, 'X': 8, 'W': 9242, 'D': 9242, 'G': 9242, 'F': 9242, 'M': 9242, 'Q': 8, 'J': 8, 'Z': 8, '3': 6, '2': 8, '1': 8, '6': 5, '4': 8, '5': 7, '0': 8, '7': 8, '9': 5, '8': 1}",0.8018833892024785,0.3606863792032146,-3963.8333333333335,4424.833333333333,0.3606863792032146,70121498.94444445,8373.858068085729,2.986699046203428,36981,169279606.31867278,0.9390121036440445,0.744672758925744,0.9390121036440445,0.9069572223224088,0.8516438092481244,0.744672758925744
2.0,10,137,358,0.6531645569620252,0.09367088607594942,"{'T': 10, 'H': 10, 'E': 10, 'R': 10, 'P': 9, 'U': 9, 'B': 9, 'L': 10, 'I': 10, 'C': 9, 'Y': 9, 'A': 10, 'O': 10, 'N': 10, 'S': 10, 'K': 8, 'V': 9, 'X': 8, 'W': 9, 'D': 10, 'G': 9, 'F': 9, 'M': 9, 'Q': 8, 'J': 8, 'Z': 8, '3': 6, '2': 8, '1': 8, '6': 5, '4': 8, '5': 7, '0': 8, '7': 8, '9': 5, '8': 1}","{'T': 29524, 'H': 29524, 'E': 29524, 'R': 29524, 'P': 9840, 'U': 9840, 'B': 9840, 'L': 29524, 'I': 29524, 'C': 9840, 'Y': 9840, 'A': 29524, 'O': 29524, 'N': 29524, 'S': 29524, 'K': 8, 'V': 9840, 'X': 8, 'W': 9840, 'D': 29524, 'G': 9840, 'F': 9840, 'M': 9840, 'Q': 8, 'J': 8, 'Z': 8, '3': 6, '2': 8, '1': 8, '6': 5, '4': 8, '5': 7, '0': 8, '7': 8, '9': 5, '8': 1}",0.8039339544468964,0.34992996889638284,-2164.1944444444443,3927.4166666666665,0.34992996889638284,58530107.25,7650.4971897256455,2.9543918326573664,34954,187894275.07716045,0.9106870421530168,0.786879473073403,0.9106870421530168,0.9277996183917101,0.8449350901838442,0.786879473073403
