probability,N,counter,counter_transformed,explained_variance_score,mean_relative_error,mean_bias_error,mean_absolute_error,mean_absolute_percentage_error,mean_squared_error,root_mean_squared_error,mean_squared_log_error,max_error,covariance,correlation,coefficient_of_determination,pearson_correlation_coefficient,willmott_index,confidence_index,nash_sutcliffe_efficiency,BR,BR_transformed,BS,BS_transformed,ap@10,ap@5,ap@3,ndcg@10,ndcg@5,ndcg@3,acc@10,acc@5,acc@3,kendall_tau,cee,cre@10,cre@5,cre@3
0.025,10,"{'E': 843, 'T': 716, 'A': 584, 'I': 570, 'O': 509, 'N': 496, 'S': 464, 'H': 415, 'R': 384, 'L': 310, 'D': 235, 'C': 202, 'U': 193, 'M': 186, 'F': 156, 'Y': 140, 'W': 131, 'G': 130, 'P': 115, 'B': 111, 'V': 70, 'K': 46, 'X': 14, 'Q': 7, 'J': 7, 'Z': 3, '7': 0, '8': 0, '0': 0}","{'E': 33720, 'T': 28640, 'A': 23360, 'I': 22800, 'O': 20360, 'N': 19840, 'S': 18560, 'H': 16600, 'R': 15360, 'L': 12400, 'D': 9400, 'C': 8080, 'U': 7720, 'M': 7440, 'F': 6240, 'Y': 5600, 'W': 5240, 'G': 5200, 'P': 4600, 'B': 4440, 'V': 2800, 'K': 1840, 'X': 560, 'Q': 280, 'J': 280, 'Z': 120, '7': 0, '8': 0, '0': 0}",0.999777950630242,0.1535902507565612,16.233333333333334,95.56666666666666,0.1535902507565612,19853.9,140.90386793839266,0.1620345677997809,375,88196879.51111111,0.9998889741963972,0.9997749637203424,0.9998889741963972,0.999943726140744,0.9998327065849916,0.9997749637203424,429,570,0.2666666666666666,0.0256410256410256,1.0,1.0,1.0,1.0,1.0,1.0,1.0,1.0,1.0,,0.5565382079550527,0.6333333333333333,0.6333333333333333,0.6333333333333333
0.03125,10,"{'E': 1021, 'T': 898, 'A': 737, 'I': 718, 'O': 639, 'N': 626, 'S': 585, 'H': 536, 'R': 479, 'L': 389, 'D': 281, 'C': 256, 'M': 229, 'U': 228, 'F': 200, 'Y': 187, 'W': 169, 'G': 162, 'B': 144, 'P': 138, 'V': 80, 'K': 56, 'X': 19, 'J': 9, 'Q': 8, 'Z': 4, '1': 0, '7': 0}","{'E': 32672, 'T': 28736, 'A': 23584, 'I': 22976, 'O': 20448, 'N': 20032, 'S': 18720, 'H': 17152, 'R': 15328, 'L': 12448, 'D': 8992, 'C': 8192, 'M': 7328, 'U': 7296, 'F': 6400, 'Y': 5984, 'W': 5408, 'G': 5184, 'B': 4608, 'P': 4416, 'V': 2560, 'K': 1792, 'X': 608, 'J': 288, 'Q': 256, 'Z': 128, '1': 0, '7': 0}",0.9994056262138648,0.1552832371795692,18.1,142.03333333333333,0.1552832371795692,52766.43333333333,229.70945416619955,0.1621166624117619,863,87886200.03555556,0.9997080879469988,0.9994019128811906,0.9997080879469988,0.9998499237811932,0.9995580555372492,0.9994019128811906,433,563,0.2598290598290598,0.0376068376068376,1.0,1.0,1.0,1.0,1.0,1.0,1.0,1.0,1.0,,0.5522729113247453,0.6299145299145299,0.6299145299145299,0.6299145299145299
0.05,10,"{'E': 1673, 'T': 1422, 'A': 1145, 'I': 1136, 'O': 1007, 'N': 991, 'S': 959, 'H': 860, 'R': 775, 'L': 609, 'D': 470, 'C': 404, 'U': 382, 'M': 377, 'F': 310, 'Y': 302, 'G': 257, 'W': 255, 'P': 236, 'B': 227, 'V': 140, 'K': 85, 'X': 30, 'J': 14, 'Q': 12, 'Z': 5}","{'E': 33460, 'T': 28440, 'A': 22900, 'I': 22720, 'O': 20140, 'N': 19820, 'S': 19180, 'H': 17200, 'R': 15500, 'L': 12180, 'D': 9400, 'C': 8080, 'U': 7640, 'M': 7540, 'F': 6200, 'Y': 6040, 'G': 5140, 'W': 5100, 'P': 4720, 'B': 4540, 'V': 2800, 'K': 1700, 'X': 600, 'J': 280, 'Q': 240, 'Z': 100}",0.9995797777620048,0.151412509294481,22.23333333333333,126.5,0.151412509294481,37568.566666666666,193.82612483013395,0.1618062651376172,628,87856016.91111109,0.9997970157286946,0.999574174823348,0.9997970157286946,0.9998931079970694,0.9996901454231594,0.999574174823348,430,545,0.2649572649572649,0.0683760683760683,1.0,1.0,1.0,1.0,1.0,1.0,1.0,1.0,1.0,,0.556772377831392,0.6324786324786325,0.6324786324786325,0.6324786324786325
0.075,10,"{'E': 2513, 'T': 2127, 'A': 1743, 'I': 1720, 'O': 1505, 'N': 1476, 'S': 1399, 'H': 1264, 'R': 1160, 'L': 905, 'D': 690, 'C': 595, 'U': 557, 'M': 545, 'F': 464, 'Y': 425, 'W': 399, 'G': 396, 'P': 362, 'B': 332, 'V': 216, 'K': 128, 'X': 45, 'J': 21, 'Q': 17, 'Z': 8, '8': 0, '7': 0, '1': 0, '0': 0}","{'E': 33507, 'T': 28360, 'A': 23240, 'I': 22933, 'O': 20067, 'N': 19680, 'S': 18653, 'H': 16853, 'R': 15467, 'L': 12067, 'D': 9200, 'C': 7933, 'U': 7427, 'M': 7267, 'F': 6187, 'Y': 5667, 'W': 5320, 'G': 5280, 'P': 4827, 'B': 4427, 'V': 2880, 'K': 1707, 'X': 600, 'J': 280, 'Q': 227, 'Z': 107, '8': 0, '7': 0, '1': 0, '0': 0}",0.9997907287821476,0.1498230197806391,-27.666666666666668,95.6,0.1498230197806391,19228.466666666667,138.66674679484865,0.1616793732013887,364,87772799.86777781,0.9999075860895432,0.9997820527653416,0.9999075860895432,0.9999452352731886,0.9998528264237544,0.9997820527653416,481,577,0.1777777777777777,0.0136752136752136,1.0,1.0,1.0,1.0,1.0,1.0,1.0,1.0,1.0,1.0,0.5139773789985693,0.5888888888888888,0.5888888888888888,0.5888888888888888
0.1,10,"{'E': 3337, 'T': 2876, 'A': 2347, 'I': 2269, 'O': 2037, 'N': 1967, 'S': 1883, 'H': 1689, 'R': 1525, 'L': 1211, 'D': 914, 'C': 808, 'M': 750, 'U': 744, 'F': 636, 'Y': 586, 'W': 524, 'G': 523, 'P': 452, 'B': 443, 'V': 281, 'K': 170, 'X': 58, 'J': 31, 'Q': 26, 'Z': 12, '1': 0, '0': 0, '7': 0, '8': 0}","{'E': 33370, 'T': 28760, 'A': 23470, 'I': 22690, 'O': 20370, 'N': 19670, 'S': 18830, 'H': 16890, 'R': 15250, 'L': 12110, 'D': 9140, 'C': 8080, 'M': 7500, 'U': 7440, 'F': 6360, 'Y': 5860, 'W': 5240, 'G': 5230, 'P': 4520, 'B': 4430, 'V': 2810, 'K': 1700, 'X': 580, 'J': 310, 'Q': 260, 'Z': 120, '1': 0, '0': 0, '7': 0, '8': 0}",0.9999469628128166,0.1449571043240946,-0.1,50.16666666666666,0.1449571043240946,4679.233333333334,68.40492185020997,0.1613073253342299,165,88057193.5888889,0.9999752038638686,0.9999469626994704,0.9999752038638686,0.999986715534014,0.999961919727286,0.9999469626994704,489,578,0.1641025641025641,0.0119658119658119,1.0,1.0,1.0,1.0,1.0,1.0,1.0,1.0,1.0,0.9954022988505749,0.5095727298892347,0.5820512820512821,0.5820512820512821,0.5820512820512821
0.125,10,"{'E': 4216, 'T': 3585, 'A': 2910, 'I': 2887, 'O': 2563, 'N': 2484, 'S': 2369, 'H': 2107, 'R': 1913, 'L': 1486, 'D': 1135, 'C': 1001, 'U': 927, 'M': 919, 'F': 778, 'Y': 733, 'W': 664, 'G': 639, 'P': 569, 'B': 562, 'V': 340, 'K': 211, 'X': 72, 'J': 40, 'Q': 35, 'Z': 11, '8': 0, '0': 0, '7': 0, '1': 0}","{'E': 33728, 'T': 28680, 'A': 23280, 'I': 23096, 'O': 20504, 'N': 19872, 'S': 18952, 'H': 16856, 'R': 15304, 'L': 11888, 'D': 9080, 'C': 8008, 'U': 7416, 'M': 7352, 'F': 6224, 'Y': 5864, 'W': 5312, 'G': 5112, 'P': 4552, 'B': 4496, 'V': 2720, 'K': 1688, 'X': 576, 'J': 320, 'Q': 280, 'Z': 88, '8': 0, '0': 0, '7': 0, '1': 0}",0.9998670882460416,0.1549489483294088,8.5,69.83333333333333,0.1549489483294088,11798.433333333332,108.62059350479232,0.1637261121435617,358,88569700.46222223,0.999941623790934,0.9998662693202284,0.999941623790934,0.999966698429696,0.9999083241646494,0.9998662693202284,500,578,0.1452991452991453,0.0119658119658119,1.0,1.0,1.0,1.0,1.0,1.0,1.0,1.0,1.0,1.0,0.49517509848486824,0.5726495726495726,0.5726495726495726,0.5726495726495726
0.15,10,"{'E': 5061, 'T': 4310, 'A': 3511, 'I': 3403, 'O': 3056, 'N': 2944, 'S': 2861, 'H': 2529, 'R': 2282, 'L': 1802, 'D': 1365, 'C': 1206, 'U': 1132, 'M': 1098, 'F': 946, 'Y': 871, 'G': 787, 'W': 780, 'P': 693, 'B': 671, 'V': 413, 'K': 255, 'X': 91, 'J': 47, 'Q': 34, 'Z': 19, '7': 1, '1': 0, '0': 0, '8': 0}","{'E': 33740, 'T': 28733, 'A': 23407, 'I': 22687, 'O': 20373, 'N': 19627, 'S': 19073, 'H': 16860, 'R': 15213, 'L': 12013, 'D': 9100, 'C': 8040, 'U': 7547, 'M': 7320, 'F': 6307, 'Y': 5807, 'G': 5247, 'W': 5200, 'P': 4620, 'B': 4473, 'V': 2753, 'K': 1700, 'X': 607, 'J': 313, 'Q': 227, 'Z': 127, '7': 7, '1': 0, '0': 0, '8': 0}",0.9999429000466076,0.1971726967714207,4.266666666666667,45.66666666666666,0.1971726967714207,5055.866666666667,71.1046177590926,0.1537762792522775,213,88355840.36333331,0.9999726263414156,0.9999426937062688,0.9999726263414156,0.9999856947930078,0.9999583215260092,0.9999426937062688,507,580,0.1333333333333333,0.0085470085470085,1.0,1.0,1.0,1.0,1.0,1.0,1.0,1.0,1.0,0.986206896551724,0.4680803182809563,0.5666666666666667,0.5666666666666667,0.5666666666666667
0.175,10,"{'E': 5863, 'T': 5042, 'A': 4096, 'I': 4021, 'O': 3568, 'N': 3476, 'S': 3312, 'H': 2907, 'R': 2678, 'L': 2106, 'D': 1584, 'C': 1379, 'U': 1342, 'M': 1271, 'F': 1093, 'Y': 1031, 'W': 919, 'G': 897, 'P': 824, 'B': 774, 'V': 482, 'K': 300, 'X': 106, 'J': 51, 'Q': 42, 'Z': 21, '1': 1, '8': 0, '7': 0, '0': 0}","{'E': 33503, 'T': 28811, 'A': 23406, 'I': 22977, 'O': 20389, 'N': 19863, 'S': 18926, 'H': 16611, 'R': 15303, 'L': 12034, 'D': 9051, 'C': 7880, 'U': 7669, 'M': 7263, 'F': 6246, 'Y': 5891, 'W': 5251, 'G': 5126, 'P': 4709, 'B': 4423, 'V': 2754, 'K': 1714, 'X': 606, 'J': 291, 'Q': 240, 'Z': 120, '1': 6, '8': 0, '7': 0, '0': 0}",0.9999180550275656,0.1758923019226856,2.333333333333333,56.13333333333333,0.1758923019226856,7235.066666666667,85.05919507417565,0.1448919428014433,239,88348902.80111113,0.999960122605368,0.9999179933168928,0.999960122605368,0.9999795274238932,0.9999396508456542,0.9999179933168928,512,580,0.1247863247863247,0.0085470085470085,1.0,1.0,1.0,1.0,1.0,1.0,1.0,1.0,1.0,0.9954022988505749,0.47444701143181955,0.5623931623931624,0.5623931623931624,0.5623931623931624
0.2,10,"{'E': 6725, 'T': 5716, 'A': 4687, 'I': 4561, 'O': 4099, 'N': 3947, 'S': 3798, 'H': 3359, 'R': 3077, 'L': 2436, 'D': 1839, 'C': 1599, 'U': 1511, 'M': 1471, 'F': 1268, 'Y': 1171, 'W': 1064, 'G': 1027, 'P': 926, 'B': 876, 'V': 552, 'K': 349, 'X': 126, 'J': 61, 'Q': 47, 'Z': 23, '0': 1, '8': 1, '1': 1, '7': 0}","{'E': 33625, 'T': 28580, 'A': 23435, 'I': 22805, 'O': 20495, 'N': 19735, 'S': 18990, 'H': 16795, 'R': 15385, 'L': 12180, 'D': 9195, 'C': 7995, 'U': 7555, 'M': 7355, 'F': 6340, 'Y': 5855, 'W': 5320, 'G': 5135, 'P': 4630, 'B': 4380, 'V': 2760, 'K': 1745, 'X': 630, 'J': 305, 'Q': 235, 'Z': 115, '0': 5, '8': 5, '1': 5, '7': 0}",0.9999580480646566,0.1939748510990203,19.9,47.16666666666666,0.1939748510990203,4097.233333333334,64.00963469145354,0.0886346050631089,155,88302754.25555557,0.999979445828283,0.9999535594444304,0.999979445828283,0.9999884001755078,0.9999678462422156,0.9999535594444304,519,586,0.1128205128205128,-0.0017094017094017,1.0,1.0,1.0,1.0,1.0,1.0,1.0,1.0,1.0,0.9954022988505749,0.45942283086074626,0.5564102564102564,0.5564102564102564,0.5564102564102564
0.225,10,"{'E': 7481, 'T': 6486, 'A': 5278, 'I': 5145, 'O': 4574, 'N': 4442, 'S': 4245, 'H': 3806, 'R': 3429, 'L': 2683, 'D': 2046, 'C': 1810, 'U': 1717, 'M': 1619, 'F': 1418, 'Y': 1322, 'W': 1164, 'G': 1145, 'P': 1041, 'B': 1004, 'V': 633, 'K': 397, 'X': 132, 'J': 62, 'Q': 56, 'Z': 26, '0': 0, '8': 0, '7': 0, '1': 0}","{'E': 33249, 'T': 28827, 'A': 23458, 'I': 22867, 'O': 20329, 'N': 19742, 'S': 18867, 'H': 16916, 'R': 15240, 'L': 11924, 'D': 9093, 'C': 8044, 'U': 7631, 'M': 7196, 'F': 6302, 'Y': 5876, 'W': 5173, 'G': 5089, 'P': 4627, 'B': 4462, 'V': 2813, 'K': 1764, 'X': 587, 'J': 276, 'Q': 249, 'Z': 116, '0': 0, '8': 0, '7': 0, '1': 0}",0.999915079263369,0.1438934546501185,-9.2,60.4,0.1438934546501185,7576.8,87.04481604323144,0.1612029510117081,286,88103033.36555558,0.9999583876894752,0.9999141199016964,0.9999583876894752,0.999978500634955,0.9999368892190684,0.9999141199016964,520,577,0.1111111111111111,0.0136752136752136,1.0,1.0,1.0,1.0,1.0,1.0,1.0,1.0,1.0,1.0,0.48360882823049633,0.5555555555555556,0.5555555555555556,0.5555555555555556
0.25,10,"{'E': 8425, 'T': 7198, 'A': 5899, 'I': 5685, 'O': 5104, 'N': 4924, 'S': 4694, 'H': 4203, 'R': 3838, 'L': 3010, 'D': 2252, 'C': 2012, 'U': 1894, 'M': 1840, 'F': 1564, 'Y': 1461, 'W': 1304, 'G': 1283, 'P': 1166, 'B': 1108, 'V': 696, 'K': 420, 'X': 155, 'J': 69, 'Q': 65, 'Z': 28, '0': 1, '8': 1, '7': 1, '1': 0}","{'E': 33700, 'T': 28792, 'A': 23596, 'I': 22740, 'O': 20416, 'N': 19696, 'S': 18776, 'H': 16812, 'R': 15352, 'L': 12040, 'D': 9008, 'C': 8048, 'U': 7576, 'M': 7360, 'F': 6256, 'Y': 5844, 'W': 5216, 'G': 5132, 'P': 4664, 'B': 4432, 'V': 2784, 'K': 1680, 'X': 620, 'J': 276, 'Q': 260, 'Z': 112, '0': 4, '8': 4, '7': 4, '1': 0}",0.9999766186951418,0.1398729884751981,6.9,28.633333333333333,0.1398729884751981,2110.4333333333334,45.93945290633459,0.0665080004581651,165,88447671.55555555,0.999991527808537,0.999976079054201,0.999991527808537,0.999994034832384,0.9999855626914592,0.999976079054201,529,587,0.0957264957264957,-0.0034188034188034,1.0,1.0,1.0,1.0,1.0,1.0,1.0,1.0,1.0,0.9908045977011494,0.4779267536256488,0.5478632478632478,0.5478632478632478,0.5478632478632478
0.275,10,"{'E': 9222, 'T': 7902, 'A': 6488, 'I': 6258, 'O': 5649, 'N': 5370, 'S': 5168, 'H': 4608, 'R': 4217, 'L': 3287, 'D': 2492, 'C': 2210, 'U': 2062, 'M': 2026, 'F': 1728, 'Y': 1604, 'W': 1434, 'G': 1417, 'P': 1289, 'B': 1227, 'V': 764, 'K': 474, 'X': 156, 'J': 79, 'Q': 70, 'Z': 30, '8': 1, '7': 0, '1': 0, '0': 0}","{'E': 33535, 'T': 28735, 'A': 23593, 'I': 22756, 'O': 20542, 'N': 19527, 'S': 18793, 'H': 16756, 'R': 15335, 'L': 11953, 'D': 9062, 'C': 8036, 'U': 7498, 'M': 7367, 'F': 6284, 'Y': 5833, 'W': 5215, 'G': 5153, 'P': 4687, 'B': 4462, 'V': 2778, 'K': 1724, 'X': 567, 'J': 287, 'Q': 255, 'Z': 109, '8': 4, '7': 0, '1': 0, '0': 0}",0.9999792551262032,0.1403799555722672,-4.9,28.9,0.1403799555722672,1854.233333333333,43.06080971525423,0.1296091511632411,132,88251190.16888888,0.9999896767345028,0.9999789829821368,0.9999896767345028,0.999994747312784,0.9999844241015116,0.9999789829821368,530,580,0.094017094017094,0.0085470085470085,1.0,1.0,1.0,1.0,1.0,1.0,1.0,1.0,1.0,0.986206896551724,0.4768185692224134,0.547008547008547,0.547008547008547,0.547008547008547
0.3,10,"{'E': 10004, 'T': 8649, 'A': 7071, 'I': 6829, 'O': 6138, 'N': 5878, 'S': 5677, 'H': 5079, 'R': 4589, 'L': 3590, 'D': 2724, 'C': 2408, 'U': 2247, 'M': 2192, 'F': 1867, 'Y': 1772, 'W': 1556, 'G': 1554, 'P': 1398, 'B': 1326, 'V': 819, 'K': 509, 'X': 182, 'J': 86, 'Q': 71, 'Z': 35, '8': 1, '1': 1, '0': 1, '7': 1}","{'E': 33347, 'T': 28830, 'A': 23570, 'I': 22763, 'O': 20460, 'N': 19593, 'S': 18923, 'H': 16930, 'R': 15297, 'L': 11967, 'D': 9080, 'C': 8027, 'U': 7490, 'M': 7307, 'F': 6223, 'Y': 5907, 'W': 5187, 'G': 5180, 'P': 4660, 'B': 4420, 'V': 2730, 'K': 1697, 'X': 607, 'J': 287, 'Q': 237, 'Z': 117, '8': 3, '1': 3, '0': 3, '7': 3}",0.9999596608038176,0.0746140065092532,-4.833333333333333,40.43333333333333,0.0746140065092532,3582.3,59.85231825084138,0.011264237311284,188,88243314.84000002,0.9999798600006508,0.9999593960146562,0.9999798600006508,0.9999898511755526,0.9999697113806008,0.9999593960146562,536,585,0.0837606837606837,0.0,1.0,1.0,1.0,1.0,1.0,1.0,1.0,1.0,1.0,1.0,0.5045733386257153,0.5418803418803418,0.5418803418803418,0.5418803418803418
0.325,10,"{'E': 10893, 'T': 9364, 'A': 7666, 'I': 7404, 'O': 6642, 'N': 6390, 'S': 6144, 'H': 5434, 'R': 4980, 'L': 3892, 'D': 2954, 'C': 2617, 'U': 2460, 'M': 2405, 'F': 2034, 'Y': 1894, 'W': 1720, 'G': 1670, 'P': 1524, 'B': 1434, 'V': 899, 'K': 551, 'X': 197, 'J': 93, 'Q': 82, 'Z': 37, '8': 1, '7': 1, '1': 1, '0': 0}","{'E': 33517, 'T': 28812, 'A': 23588, 'I': 22782, 'O': 20437, 'N': 19662, 'S': 18905, 'H': 16720, 'R': 15323, 'L': 11975, 'D': 9089, 'C': 8052, 'U': 7569, 'M': 7400, 'F': 6258, 'Y': 5828, 'W': 5292, 'G': 5138, 'P': 4689, 'B': 4412, 'V': 2766, 'K': 1695, 'X': 606, 'J': 286, 'Q': 252, 'Z': 114, '8': 3, '7': 3, '1': 3, '0': 0}",0.9999867752643292,0.0873195159112363,6.1,24.7,0.0873195159112363,1203.9666666666667,34.6982228171223,0.0485452101904559,104,88321226.66888888,0.999993991489338,0.9999863535033672,0.999993991489338,0.999996592091706,0.9999905836015202,0.9999863535033672,536,583,0.0837606837606837,0.0034188034188034,1.0,1.0,1.0,1.0,1.0,1.0,1.0,1.0,1.0,0.986206896551724,0.4982205839247237,0.5418803418803418,0.5418803418803418,0.5418803418803418
0.35,10,"{'E': 11735, 'T': 10031, 'A': 8211, 'I': 7978, 'O': 7173, 'N': 6906, 'S': 6614, 'H': 5904, 'R': 5372, 'L': 4202, 'D': 3178, 'C': 2821, 'U': 2615, 'M': 2573, 'F': 2187, 'Y': 2035, 'W': 1857, 'G': 1806, 'P': 1613, 'B': 1559, 'V': 971, 'K': 593, 'X': 214, 'J': 102, 'Q': 95, 'Z': 37, '1': 1, '7': 1, '0': 1, '8': 1}","{'E': 33529, 'T': 28660, 'A': 23460, 'I': 22794, 'O': 20494, 'N': 19731, 'S': 18897, 'H': 16869, 'R': 15349, 'L': 12006, 'D': 9080, 'C': 8060, 'U': 7471, 'M': 7351, 'F': 6249, 'Y': 5814, 'W': 5306, 'G': 5160, 'P': 4609, 'B': 4454, 'V': 2774, 'K': 1694, 'X': 611, 'J': 291, 'Q': 271, 'Z': 106, '1': 3, '7': 3, '0': 3, '8': 3}",0.9999844666806617,0.0741093646197808,3.633333333333333,26.03333333333333,0.0741093646197808,1383.6333333333334,37.197222118504136,0.0113439777712388,87,88268284.70444447,0.9999923593943312,0.9999843170511716,0.9999923593943312,0.9999960811861368,0.99998844061041,0.9999843170511716,540,586,0.0769230769230769,-0.0017094017094017,1.0,1.0,1.0,1.0,1.0,1.0,1.0,1.0,1.0,1.0,0.501406856151648,0.5384615384615384,0.5384615384615384,0.5384615384615384
0.375,10,"{'E': 12597, 'T': 10799, 'A': 8819, 'I': 8519, 'O': 7673, 'N': 7412, 'S': 7096, 'H': 6274, 'R': 5773, 'L': 4474, 'D': 3426, 'C': 3006, 'U': 2851, 'M': 2742, 'F': 2393, 'Y': 2172, 'W': 1966, 'G': 1923, 'P': 1748, 'B': 1651, 'V': 1030, 'K': 628, 'X': 232, 'J': 110, 'Q': 100, 'Z': 41, '1': 1, '0': 1, '7': 1, '8': 1}","{'E': 33592, 'T': 28797, 'A': 23517, 'I': 22717, 'O': 20461, 'N': 19765, 'S': 18923, 'H': 16731, 'R': 15395, 'L': 11931, 'D': 9136, 'C': 8016, 'U': 7603, 'M': 7312, 'F': 6381, 'Y': 5792, 'W': 5243, 'G': 5128, 'P': 4661, 'B': 4403, 'V': 2747, 'K': 1675, 'X': 619, 'J': 293, 'Q': 267, 'Z': 109, '1': 3, '0': 3, '7': 3, '8': 3}",0.9999722032335476,0.0748391286678583,7.766666666666667,37.1,0.0748391286678583,2512.7,50.12683911838048,0.011236801620451,129,88382436.17999998,0.9999877310944052,0.9999715195170776,0.9999877310944052,0.9999928925863276,0.9999806237679332,0.9999715195170776,543,586,0.0717948717948717,-0.0017094017094017,1.0,1.0,1.0,1.0,1.0,1.0,1.0,1.0,1.0,1.0,0.49847787156350676,0.5358974358974359,0.5358974358974359,0.5358974358974359
0.4,10,"{'E': 13390, 'T': 11532, 'A': 9418, 'I': 9095, 'O': 8168, 'N': 7846, 'S': 7541, 'H': 6733, 'R': 6147, 'L': 4824, 'D': 3634, 'C': 3218, 'U': 3031, 'M': 2929, 'F': 2524, 'Y': 2345, 'W': 2091, 'G': 2067, 'P': 1863, 'B': 1774, 'V': 1115, 'K': 674, 'X': 235, 'J': 118, 'Q': 106, 'Z': 48, '8': 1, '7': 1, '0': 1, '1': 1}","{'E': 33475, 'T': 28830, 'A': 23545, 'I': 22738, 'O': 20420, 'N': 19615, 'S': 18852, 'H': 16832, 'R': 15368, 'L': 12060, 'D': 9085, 'C': 8045, 'U': 7578, 'M': 7322, 'F': 6310, 'Y': 5862, 'W': 5228, 'G': 5168, 'P': 4658, 'B': 4435, 'V': 2788, 'K': 1685, 'X': 588, 'J': 295, 'Q': 265, 'Z': 120, '8': 2, '7': 2, '0': 2, '1': 2}",0.9999876203856934,0.0070150209258767,6.066666666666666,22.266666666666666,0.0070150209258767,1129.0,33.60059523282288,0.0002292433527571,122,88260209.18333337,0.9999938932266984,0.9999872032215468,0.9999938932266984,0.9999968020798954,0.9999906953261226,0.9999872032215468,545,586,0.0683760683760683,-0.0017094017094017,1.0,1.0,1.0,1.0,1.0,1.0,1.0,1.0,1.0,1.0,0.5306805237250958,0.5341880341880342,0.5341880341880342,0.5341880341880342
0.425,10,"{'E': 14282, 'T': 12241, 'A': 10046, 'I': 9698, 'O': 8672, 'N': 8409, 'S': 8026, 'H': 7180, 'R': 6486, 'L': 5099, 'D': 3869, 'C': 3411, 'U': 3188, 'M': 3106, 'F': 2665, 'Y': 2483, 'W': 2243, 'G': 2200, 'P': 1968, 'B': 1884, 'V': 1167, 'K': 732, 'X': 253, 'J': 123, 'Q': 114, 'Z': 53, '1': 1, '7': 1, '0': 1, '8': 0}","{'E': 33605, 'T': 28802, 'A': 23638, 'I': 22819, 'O': 20405, 'N': 19786, 'S': 18885, 'H': 16894, 'R': 15261, 'L': 11998, 'D': 9104, 'C': 8026, 'U': 7501, 'M': 7308, 'F': 6271, 'Y': 5842, 'W': 5278, 'G': 5176, 'P': 4631, 'B': 4433, 'V': 2746, 'K': 1722, 'X': 595, 'J': 289, 'Q': 268, 'Z': 125, '1': 2, '7': 2, '0': 2, '8': 0}",0.9999730746386208,0.0429882579864261,14.033333333333331,34.9,0.0429882579864261,2572.4333333333334,50.71916140211048,0.0407117413221377,127,88485998.39777778,0.9999909557290392,0.9999708424628412,0.9999909557290392,0.999992732142136,0.9999836879369076,0.9999708424628412,546,584,0.0666666666666666,0.0017094017094017,1.0,1.0,1.0,1.0,1.0,1.0,1.0,1.0,1.0,1.0,0.5118392043401202,0.5333333333333333,0.5333333333333333,0.5333333333333333
0.45,10,"{'E': 15130, 'T': 12959, 'A': 10584, 'I': 10234, 'O': 9199, 'N': 8835, 'S': 8451, 'H': 7572, 'R': 6907, 'L': 5433, 'D': 4085, 'C': 3631, 'U': 3382, 'M': 3295, 'F': 2817, 'Y': 2637, 'W': 2355, 'G': 2330, 'P': 2102, 'B': 2011, 'V': 1266, 'K': 752, 'X': 270, 'J': 135, 'Q': 114, 'Z': 46, '1': 1, '8': 1, '7': 1, '0': 1}","{'E': 33622, 'T': 28798, 'A': 23520, 'I': 22742, 'O': 20442, 'N': 19633, 'S': 18780, 'H': 16827, 'R': 15349, 'L': 12073, 'D': 9078, 'C': 8069, 'U': 7516, 'M': 7322, 'F': 6260, 'Y': 5860, 'W': 5233, 'G': 5178, 'P': 4671, 'B': 4469, 'V': 2813, 'K': 1671, 'X': 600, 'J': 300, 'Q': 253, 'Z': 102, '1': 2, '8': 2, '7': 2, '0': 2}",0.99998713465973,0.0070649429057918,6.533333333333333,23.6,0.0070649429057918,1177.7333333333331,34.31811960660627,0.0003853258434241,90,88336378.04777776,0.99999437369819,0.9999866508480568,0.99999437369819,0.9999966669184488,0.9999910406353918,0.9999866508480568,551,585,0.0581196581196581,0.0,1.0,1.0,1.0,1.0,1.0,1.0,1.0,1.0,1.0,1.0,0.5255273576069331,0.5290598290598291,0.5290598290598291,0.5290598290598291
0.475,10,"{'E': 15920, 'T': 13679, 'A': 11149, 'I': 10831, 'O': 9675, 'N': 9335, 'S': 8923, 'H': 7950, 'R': 7274, 'L': 5680, 'D': 4348, 'C': 3811, 'U': 3616, 'M': 3478, 'F': 2946, 'Y': 2770, 'W': 2505, 'G': 2454, 'P': 2215, 'B': 2123, 'V': 1325, 'K': 818, 'X': 285, 'J': 136, 'Q': 123, 'Z': 52, '7': 1, '0': 1, '1': 1, '8': 1}","{'E': 33516, 'T': 28798, 'A': 23472, 'I': 22802, 'O': 20368, 'N': 19653, 'S': 18785, 'H': 16737, 'R': 15314, 'L': 11958, 'D': 9154, 'C': 8023, 'U': 7613, 'M': 7322, 'F': 6202, 'Y': 5832, 'W': 5274, 'G': 5166, 'P': 4663, 'B': 4469, 'V': 2789, 'K': 1722, 'X': 600, 'J': 286, 'Q': 259, 'Z': 109, '7': 2, '0': 2, '1': 2, '8': 2}",0.9999827682518238,0.0057661737790915,-3.3,27.966666666666665,0.0057661737790915,1531.1666666666667,39.13012479748393,9.846791636542426e-05,90,88191406.9088889,0.9999914515843378,0.9999826448178846,0.9999914515843378,0.9999956595543876,0.9999871111758292,0.9999826448178846,553,586,0.0547008547008547,-0.0017094017094017,1.0,1.0,1.0,1.0,1.0,1.0,1.0,1.0,1.0,1.0,0.5244673404608816,0.5273504273504274,0.5273504273504274,0.5273504273504274
0.5,10,"{'E': 16734, 'T': 14365, 'A': 11709, 'I': 11388, 'O': 10221, 'N': 9806, 'S': 9426, 'H': 8399, 'R': 7695, 'L': 5998, 'D': 4544, 'C': 3984, 'U': 3778, 'M': 3670, 'F': 3132, 'Y': 2923, 'W': 2613, 'G': 2607, 'P': 2316, 'B': 2230, 'V': 1386, 'K': 846, 'X': 306, 'J': 148, 'Q': 126, 'Z': 55, '1': 1, '7': 1, '0': 1, '8': 1}","{'E': 33468, 'T': 28730, 'A': 23418, 'I': 22776, 'O': 20442, 'N': 19612, 'S': 18852, 'H': 16798, 'R': 15390, 'L': 11996, 'D': 9088, 'C': 7968, 'U': 7556, 'M': 7340, 'F': 6264, 'Y': 5846, 'W': 5226, 'G': 5214, 'P': 4632, 'B': 4460, 'V': 2772, 'K': 1692, 'X': 612, 'J': 296, 'Q': 252, 'Z': 110, '1': 2, '7': 2, '0': 2, '8': 2}",0.9999884824586016,0.003825043633186,-5.833333333333333,21.166666666666668,0.003825043633186,1050.1666666666667,32.40627511249429,4.1836481475322045e-05,110,88149957.27333336,0.9999945969755912,0.9999880967668978,0.9999945969755912,0.9999970216561318,0.9999916186478152,0.9999880967668978,555,585,0.0512820512820512,0.0,1.0,1.0,1.0,1.0,1.0,1.0,1.0,1.0,1.0,1.0,0.5237285038244326,0.5256410256410255,0.5256410256410255,0.5256410256410255
0.525,10,"{'E': 17589, 'T': 15071, 'A': 12293, 'I': 11932, 'O': 10747, 'N': 10357, 'S': 9928, 'H': 8797, 'R': 8049, 'L': 6327, 'D': 4792, 'C': 4202, 'U': 3980, 'M': 3869, 'F': 3295, 'Y': 3081, 'W': 2770, 'G': 2714, 'P': 2442, 'B': 2354, 'V': 1468, 'K': 892, 'X': 316, 'J': 155, 'Q': 130, 'Z': 60, '1': 1, '8': 1, '0': 1, '7': 1}","{'E': 33503, 'T': 28707, 'A': 23415, 'I': 22728, 'O': 20470, 'N': 19728, 'S': 18910, 'H': 16756, 'R': 15331, 'L': 12051, 'D': 9128, 'C': 8004, 'U': 7581, 'M': 7370, 'F': 6276, 'Y': 5869, 'W': 5276, 'G': 5170, 'P': 4651, 'B': 4484, 'V': 2796, 'K': 1699, 'X': 602, 'J': 295, 'Q': 248, 'Z': 114, '1': 2, '8': 2, '0': 2, '7': 2}",0.9999890928149356,0.0032859235907192,5.9,20.433333333333334,0.0032859235907192,997.1,31.57689028387691,2.5408500957061256e-05,113,88170821.75555553,0.999994730795945,0.9999886982570454,0.999994730795945,0.9999971728255416,0.9999919036363836,0.9999886982570454,557,585,0.0478632478632478,0.0,1.0,1.0,1.0,1.0,1.0,1.0,1.0,1.0,1.0,1.0,0.5222886621362642,0.5239316239316238,0.5239316239316238,0.5239316239316238
0.55,10,"{'E': 18459, 'T': 15743, 'A': 12944, 'I': 12478, 'O': 11249, 'N': 10830, 'S': 10392, 'H': 9251, 'R': 8418, 'L': 6635, 'D': 5004, 'C': 4414, 'U': 4142, 'M': 4038, 'F': 3442, 'Y': 3225, 'W': 2900, 'G': 2833, 'P': 2563, 'B': 2456, 'V': 1538, 'K': 930, 'X': 336, 'J': 158, 'Q': 141, 'Z': 61, '8': 1, '7': 1, '0': 1, '1': 1}","{'E': 33562, 'T': 28624, 'A': 23535, 'I': 22687, 'O': 20453, 'N': 19691, 'S': 18895, 'H': 16820, 'R': 15305, 'L': 12064, 'D': 9098, 'C': 8025, 'U': 7531, 'M': 7342, 'F': 6258, 'Y': 5864, 'W': 5273, 'G': 5151, 'P': 4660, 'B': 4465, 'V': 2796, 'K': 1691, 'X': 611, 'J': 287, 'Q': 256, 'Z': 111, '8': 2, '7': 2, '0': 2, '1': 2}",0.9999928430732612,0.0035938689852984,2.333333333333333,17.133333333333333,0.0035938689852984,636.8666666666667,25.23621736050525,3.740103399045709e-05,84,88203099.43444446,0.9999964515127124,0.9999927813625884,0.9999964515127124,0.9999981948890652,0.9999946464081833,0.9999927813625884,559,586,0.0444444444444444,-0.0017094017094017,1.0,1.0,1.0,1.0,1.0,1.0,1.0,1.0,1.0,1.0,0.520425287729573,0.5222222222222221,0.5222222222222221,0.5222222222222221
0.5750000000000001,10,"{'E': 19222, 'T': 16467, 'A': 13557, 'I': 13108, 'O': 11743, 'N': 11307, 'S': 10875, 'H': 9653, 'R': 8810, 'L': 6900, 'D': 5244, 'C': 4622, 'U': 4336, 'M': 4230, 'F': 3604, 'Y': 3359, 'W': 3028, 'G': 2979, 'P': 2671, 'B': 2536, 'V': 1605, 'K': 969, 'X': 340, 'J': 172, 'Q': 147, 'Z': 64, '8': 2, '1': 1, '0': 1, '7': 1}","{'E': 33430, 'T': 28638, 'A': 23577, 'I': 22797, 'O': 20423, 'N': 19664, 'S': 18913, 'H': 16788, 'R': 15322, 'L': 12000, 'D': 9120, 'C': 8038, 'U': 7541, 'M': 7357, 'F': 6268, 'Y': 5842, 'W': 5266, 'G': 5181, 'P': 4645, 'B': 4410, 'V': 2791, 'K': 1685, 'X': 591, 'J': 299, 'Q': 256, 'Z': 111, '8': 3, '1': 2, '0': 2, '7': 2}",0.999988762499115,0.0209374130628591,-1.0333333333333334,19.766666666666666,0.0209374130628591,992.5,31.50396800404673,0.0028148222908598,105,88161610.19333331,0.9999946343585328,0.9999887503962668,0.9999946343585328,0.9999971855742978,0.999991819947932,0.9999887503962668,563,586,0.0376068376068376,-0.0017094017094017,1.0,1.0,1.0,1.0,1.0,1.0,1.0,1.0,1.0,0.986206896551724,0.5083347122719892,0.5188034188034188,0.5188034188034188,0.5188034188034188
0.6000000000000001,10,"{'E': 20112, 'T': 17189, 'A': 14119, 'I': 13630, 'O': 12226, 'N': 11809, 'S': 11292, 'H': 10104, 'R': 9220, 'L': 7193, 'D': 5466, 'C': 4805, 'U': 4493, 'M': 4410, 'F': 3730, 'Y': 3496, 'W': 3148, 'G': 3119, 'P': 2792, 'B': 2667, 'V': 1672, 'K': 1019, 'X': 366, 'J': 177, 'Q': 152, 'Z': 73, '8': 1, '7': 1, '1': 1, '0': 1}","{'E': 33520, 'T': 28648, 'A': 23532, 'I': 22717, 'O': 20377, 'N': 19682, 'S': 18820, 'H': 16840, 'R': 15367, 'L': 11988, 'D': 9110, 'C': 8008, 'U': 7488, 'M': 7350, 'F': 6217, 'Y': 5827, 'W': 5247, 'G': 5198, 'P': 4653, 'B': 4445, 'V': 2787, 'K': 1698, 'X': 610, 'J': 295, 'Q': 253, 'Z': 122, '8': 2, '7': 2, '1': 2, '0': 2}",0.999992536988325,0.0048596520481362,-6.2,18.266666666666666,0.0048596520481362,696.8666666666667,26.3982322640488,0.0002027886639912,60,88160661.3988889,0.999996532068626,0.9999921012857884,0.999996532068626,0.9999980238768672,0.9999945559523464,0.9999921012857884,562,585,0.0393162393162393,0.0,1.0,1.0,1.0,1.0,1.0,1.0,1.0,1.0,1.0,1.0,0.5172282936340515,0.5196581196581197,0.5196581196581197,0.5196581196581197
0.625,10,"{'E': 20988, 'T': 17926, 'A': 14655, 'I': 14166, 'O': 12719, 'N': 12280, 'S': 11819, 'H': 10448, 'R': 9600, 'L': 7494, 'D': 5694, 'C': 5030, 'U': 4742, 'M': 4587, 'F': 3907, 'Y': 3652, 'W': 3282, 'G': 3240, 'P': 2896, 'B': 2776, 'V': 1738, 'K': 1064, 'X': 383, 'J': 181, 'Q': 163, 'Z': 69, '8': 2, '1': 1, '7': 1, '0': 1}","{'E': 33581, 'T': 28682, 'A': 23448, 'I': 22666, 'O': 20350, 'N': 19648, 'S': 18910, 'H': 16717, 'R': 15360, 'L': 11990, 'D': 9110, 'C': 8048, 'U': 7587, 'M': 7339, 'F': 6251, 'Y': 5843, 'W': 5251, 'G': 5184, 'P': 4634, 'B': 4442, 'V': 2781, 'K': 1702, 'X': 613, 'J': 290, 'Q': 261, 'Z': 110, '8': 3, '1': 2, '7': 2, '0': 2}",0.999987770405598,0.0210119821980512,-6.2,22.133333333333333,0.0210119821980512,1117.4,33.42753356142209,0.0028290114977144,81,88138871.99888891,0.9999943543577968,0.9999873347030614,0.9999943543577968,0.999996830579876,0.9999911849555664,0.9999873347030614,564,586,0.0358974358974358,-0.0017094017094017,1.0,1.0,1.0,1.0,1.0,1.0,1.0,1.0,1.0,0.986206896551724,0.5074427268496923,0.5179487179487179,0.5179487179487179,0.5179487179487179
0.65,10,"{'E': 21775, 'T': 18678, 'A': 15288, 'I': 14764, 'O': 13292, 'N': 12742, 'S': 12262, 'H': 10891, 'R': 9952, 'L': 7853, 'D': 5912, 'C': 5205, 'U': 4944, 'M': 4804, 'F': 4061, 'Y': 3789, 'W': 3435, 'G': 3376, 'P': 3000, 'B': 2897, 'V': 1797, 'K': 1104, 'X': 397, 'J': 194, 'Q': 166, 'Z': 74, '7': 2, '1': 1, '8': 1, '0': 1}","{'E': 33500, 'T': 28735, 'A': 23520, 'I': 22714, 'O': 20449, 'N': 19603, 'S': 18865, 'H': 16755, 'R': 15311, 'L': 12082, 'D': 9095, 'C': 8008, 'U': 7606, 'M': 7391, 'F': 6248, 'Y': 5829, 'W': 5285, 'G': 5194, 'P': 4615, 'B': 4457, 'V': 2765, 'K': 1698, 'X': 611, 'J': 298, 'Q': 255, 'Z': 114, '7': 3, '1': 2, '8': 2, '0': 2}",0.9999921840410598,0.0202649926733111,0.6333333333333333,18.83333333333333,0.0202649926733111,689.9666666666667,26.26721657630794,0.002786978193031,65,88174781.30444442,0.9999962518826564,0.9999921794946204,0.9999962518826564,0.9999980437566538,0.9999942956466424,0.9999921794946204,564,585,0.0358974358974358,0.0,1.0,1.0,1.0,1.0,1.0,1.0,1.0,1.0,1.0,0.9908045977011494,0.5078162216120624,0.5179487179487179,0.5179487179487179,0.5179487179487179
0.675,10,"{'E': 22618, 'T': 19402, 'A': 15857, 'I': 15351, 'O': 13807, 'N': 13254, 'S': 12748, 'H': 11312, 'R': 10350, 'L': 8135, 'D': 6121, 'C': 5433, 'U': 5104, 'M': 4969, 'F': 4229, 'Y': 3945, 'W': 3536, 'G': 3489, 'P': 3134, 'B': 2994, 'V': 1893, 'K': 1165, 'X': 400, 'J': 198, 'Q': 174, 'Z': 76, '7': 2, '0': 2, '1': 1, '8': 1}","{'E': 33508, 'T': 28744, 'A': 23492, 'I': 22742, 'O': 20455, 'N': 19636, 'S': 18886, 'H': 16759, 'R': 15333, 'L': 12052, 'D': 9068, 'C': 8049, 'U': 7561, 'M': 7361, 'F': 6265, 'Y': 5844, 'W': 5239, 'G': 5169, 'P': 4643, 'B': 4436, 'V': 2804, 'K': 1726, 'X': 593, 'J': 293, 'Q': 258, 'Z': 113, '7': 3, '0': 3, '1': 1, '8': 1}",0.9999960051281248,0.0698346395244471,1.4666666666666666,14.933333333333334,0.0698346395244471,354.6,18.83082579177026,0.0165144246592491,36,88208423.77666669,0.9999980201710796,0.999995980746112,0.9999980201710796,0.999998994994955,0.9999970151680244,0.999995980746112,566,584,0.0324786324786324,0.0017094017094017,1.0,1.0,1.0,1.0,1.0,1.0,1.0,1.0,1.0,0.9954022988505749,0.4813219964770926,0.5162393162393162,0.5162393162393162,0.5162393162393162
0.7000000000000001,10,"{'E': 23445, 'T': 20186, 'A': 16459, 'I': 15910, 'O': 14275, 'N': 13752, 'S': 13186, 'H': 11735, 'R': 10737, 'L': 8424, 'D': 6369, 'C': 5624, 'U': 5290, 'M': 5147, 'F': 4366, 'Y': 4091, 'W': 3684, 'G': 3604, 'P': 3246, 'B': 3111, 'V': 1940, 'K': 1182, 'X': 420, 'J': 202, 'Q': 178, 'Z': 79, '0': 2, '1': 1, '8': 1, '7': 1}","{'E': 33493, 'T': 28837, 'A': 23513, 'I': 22729, 'O': 20393, 'N': 19646, 'S': 18837, 'H': 16764, 'R': 15339, 'L': 12034, 'D': 9099, 'C': 8034, 'U': 7557, 'M': 7353, 'F': 6237, 'Y': 5844, 'W': 5263, 'G': 5149, 'P': 4637, 'B': 4444, 'V': 2771, 'K': 1689, 'X': 600, 'J': 289, 'Q': 254, 'Z': 113, '0': 3, '1': 1, '8': 1, '7': 1}",0.9999914150505153,0.0689036946767598,-2.3,14.5,0.0689036946767598,762.7,27.617023735370186,0.0192127978508009,129,88247238.17555553,0.9999957405002272,0.9999913550904108,0.9999957405002272,0.9999978393138192,0.9999935798232498,0.9999913550904108,567,582,0.0307692307692307,0.0051282051282051,1.0,1.0,1.0,1.0,1.0,1.0,1.0,1.0,1.0,1.0,0.4809327680462354,0.5153846153846153,0.5153846153846153,0.5153846153846153
0.7250000000000001,10,"{'E': 24330, 'T': 20806, 'A': 17040, 'I': 16502, 'O': 14796, 'N': 14213, 'S': 13695, 'H': 12117, 'R': 11151, 'L': 8706, 'D': 6608, 'C': 5814, 'U': 5459, 'M': 5331, 'F': 4561, 'Y': 4209, 'W': 3814, 'G': 3758, 'P': 3378, 'B': 3228, 'V': 2015, 'K': 1227, 'X': 433, 'J': 214, 'Q': 183, 'Z': 82, '0': 2, '1': 2, '7': 1, '8': 1}","{'E': 33559, 'T': 28698, 'A': 23503, 'I': 22761, 'O': 20408, 'N': 19604, 'S': 18890, 'H': 16713, 'R': 15381, 'L': 12008, 'D': 9114, 'C': 8019, 'U': 7530, 'M': 7353, 'F': 6291, 'Y': 5806, 'W': 5261, 'G': 5183, 'P': 4659, 'B': 4452, 'V': 2779, 'K': 1692, 'X': 597, 'J': 295, 'Q': 252, 'Z': 113, '0': 3, '1': 3, '7': 1, '8': 1}",0.9999935039567824,0.0690990026852868,-2.1333333333333333,16.466666666666665,0.0690990026852868,577.6666666666666,24.03469714114714,0.0164919618901423,69,88209981.10333332,0.99999676600206,0.9999934523716978,0.99999676600206,0.9999983628107793,0.9999951288181338,0.9999934523716978,570,583,0.0256410256410256,0.0034188034188034,1.0,1.0,1.0,1.0,1.0,1.0,1.0,1.0,1.0,1.0,0.4782710114778694,0.5128205128205128,0.5128205128205128,0.5128205128205128
0.75,10,"{'E': 25141, 'T': 21498, 'A': 17639, 'I': 17044, 'O': 15326, 'N': 14737, 'S': 14170, 'H': 12575, 'R': 11482, 'L': 8997, 'D': 6806, 'C': 6029, 'U': 5663, 'M': 5517, 'F': 4678, 'Y': 4387, 'W': 3957, 'G': 3866, 'P': 3482, 'B': 3330, 'V': 2089, 'K': 1283, 'X': 458, 'J': 222, 'Q': 192, 'Z': 84, '7': 2, '1': 2, '0': 2, '8': 1}","{'E': 33521, 'T': 28664, 'A': 23519, 'I': 22725, 'O': 20435, 'N': 19649, 'S': 18893, 'H': 16767, 'R': 15309, 'L': 11996, 'D': 9075, 'C': 8039, 'U': 7551, 'M': 7356, 'F': 6237, 'Y': 5849, 'W': 5276, 'G': 5155, 'P': 4643, 'B': 4440, 'V': 2785, 'K': 1711, 'X': 611, 'J': 296, 'Q': 256, 'Z': 112, '7': 3, '1': 3, '0': 3, '8': 1}",0.9999971922777432,0.0692261470902616,-3.7666666666666666,11.766666666666667,0.0692261470902616,261.9,16.18332475111341,0.0137732196108556,44,88166035.47777776,0.9999988204008324,0.999997031464768,0.9999988204008324,0.9999992573676356,0.999998077769344,0.999997031464768,572,585,0.0222222222222222,0.0,1.0,1.0,1.0,1.0,1.0,1.0,1.0,1.0,1.0,1.0,0.4764980375659803,0.5111111111111111,0.5111111111111111,0.5111111111111111
0.775,10,"{'E': 25977, 'T': 22206, 'A': 18253, 'I': 17660, 'O': 15880, 'N': 15261, 'S': 14645, 'H': 13017, 'R': 11899, 'L': 9343, 'D': 7042, 'C': 6214, 'U': 5831, 'M': 5684, 'F': 4839, 'Y': 4527, 'W': 4071, 'G': 3992, 'P': 3588, 'B': 3467, 'V': 2162, 'K': 1314, 'X': 471, 'J': 225, 'Q': 197, 'Z': 86, '1': 2, '8': 2, '7': 2, '0': 2}","{'E': 33519, 'T': 28653, 'A': 23552, 'I': 22787, 'O': 20490, 'N': 19692, 'S': 18897, 'H': 16796, 'R': 15354, 'L': 12055, 'D': 9086, 'C': 8018, 'U': 7524, 'M': 7334, 'F': 6244, 'Y': 5841, 'W': 5253, 'G': 5151, 'P': 4630, 'B': 4474, 'V': 2790, 'K': 1695, 'X': 608, 'J': 290, 'Q': 254, 'Z': 111, '1': 3, '8': 3, '7': 3, '0': 3}",0.9999943747447488,0.069305780656085,3.9,15.7,0.069305780656085,511.5,22.616365755797283,0.011053826722343,59,88268546.55555557,0.99999730999317,0.99999420234528,0.99999730999317,0.9999985512980588,0.9999958612951256,0.99999420234528,573,585,0.0205128205128205,0.0,1.0,1.0,1.0,1.0,1.0,1.0,1.0,1.0,1.0,1.0,0.47560351992836775,0.5102564102564102,0.5102564102564102,0.5102564102564102
0.8,10,"{'E': 26817, 'T': 22955, 'A': 18825, 'I': 18174, 'O': 16391, 'N': 15705, 'S': 15068, 'H': 13442, 'R': 12262, 'L': 9622, 'D': 7282, 'C': 6428, 'U': 6028, 'M': 5883, 'F': 5008, 'Y': 4690, 'W': 4194, 'G': 4130, 'P': 3732, 'B': 3576, 'V': 2230, 'K': 1366, 'X': 485, 'J': 234, 'Q': 205, 'Z': 92, '1': 2, '8': 2, '7': 2, '0': 2}","{'E': 33521, 'T': 28694, 'A': 23531, 'I': 22718, 'O': 20489, 'N': 19631, 'S': 18835, 'H': 16802, 'R': 15328, 'L': 12028, 'D': 9102, 'C': 8035, 'U': 7535, 'M': 7354, 'F': 6260, 'Y': 5862, 'W': 5242, 'G': 5162, 'P': 4665, 'B': 4470, 'V': 2788, 'K': 1708, 'X': 606, 'J': 292, 'Q': 256, 'Z': 115, '1': 2, '8': 2, '7': 2, '0': 2}",0.9999971824166296,0.0022277640911135,1.4666666666666666,10.466666666666669,0.0022277640911135,250.7333333333333,15.834561355886477,1.7661815824394313e-05,58,88193496.64333335,0.999998655335312,0.9999971580346168,0.999998655335312,0.9999992892527094,0.9999979445889772,0.9999971580346168,576,586,0.0153846153846153,-0.0017094017094017,1.0,1.0,1.0,1.0,1.0,1.0,1.0,1.0,1.0,1.0,0.5065784256467509,0.5076923076923077,0.5076923076923077,0.5076923076923077
0.8250000000000001,10,"{'E': 27626, 'T': 23695, 'A': 19384, 'I': 18800, 'O': 16847, 'N': 16230, 'S': 15560, 'H': 13836, 'R': 12668, 'L': 9916, 'D': 7506, 'C': 6623, 'U': 6210, 'M': 6057, 'F': 5162, 'Y': 4821, 'W': 4340, 'G': 4257, 'P': 3833, 'B': 3680, 'V': 2300, 'K': 1406, 'X': 498, 'J': 239, 'Q': 204, 'Z': 94, '8': 2, '7': 2, '0': 2, '1': 2}","{'E': 33486, 'T': 28721, 'A': 23496, 'I': 22788, 'O': 20421, 'N': 19673, 'S': 18861, 'H': 16771, 'R': 15355, 'L': 12019, 'D': 9098, 'C': 8028, 'U': 7527, 'M': 7342, 'F': 6257, 'Y': 5844, 'W': 5261, 'G': 5160, 'P': 4646, 'B': 4461, 'V': 2788, 'K': 1704, 'X': 604, 'J': 290, 'Q': 247, 'Z': 114, '8': 2, '7': 2, '0': 2, '1': 2}",0.9999972323267105,0.0021961323367256,-0.7666666666666667,9.3,0.0021961323367256,244.76666666666668,15.645020507070823,2.611621956338154e-05,50,88203317.3777778,0.999998646616666,0.9999972256644764,0.999998646616666,0.999999306243506,0.999997952861111,0.9999972256644764,576,585,0.0153846153846153,0.0,1.0,1.0,1.0,1.0,1.0,1.0,1.0,1.0,1.0,1.0,0.5065942415239448,0.5076923076923077,0.5076923076923077,0.5076923076923077
0.8500000000000001,10,"{'E': 28513, 'T': 24403, 'A': 19994, 'I': 19294, 'O': 17401, 'N': 16723, 'S': 16041, 'H': 14256, 'R': 13020, 'L': 10238, 'D': 7742, 'C': 6805, 'U': 6405, 'M': 6247, 'F': 5332, 'Y': 4971, 'W': 4478, 'G': 4390, 'P': 3945, 'B': 3786, 'V': 2365, 'K': 1449, 'X': 510, 'J': 251, 'Q': 214, 'Z': 96, '1': 2, '8': 2, '0': 2, '7': 1}","{'E': 33545, 'T': 28709, 'A': 23522, 'I': 22699, 'O': 20472, 'N': 19674, 'S': 18872, 'H': 16772, 'R': 15318, 'L': 12045, 'D': 9108, 'C': 8006, 'U': 7535, 'M': 7349, 'F': 6273, 'Y': 5848, 'W': 5268, 'G': 5165, 'P': 4641, 'B': 4454, 'V': 2782, 'K': 1705, 'X': 600, 'J': 295, 'Q': 252, 'Z': 113, '1': 2, '8': 2, '0': 2, '7': 1}",0.9999978332753152,0.0180909134901336,1.2,8.866666666666667,0.0180909134901336,192.6,13.878040207464451,0.0054858144328762,41,88231436.09222223,0.9999989191841728,0.999997816953472,0.9999989191841728,0.9999994542764364,0.999998373461199,0.999997816953472,576,584,0.0153846153846153,0.0017094017094017,1.0,1.0,1.0,1.0,1.0,1.0,1.0,1.0,1.0,0.9954022988505749,0.49864685094724087,0.5076923076923077,0.5076923076923077,0.5076923076923077
0.875,10,"{'E': 29387, 'T': 25127, 'A': 20620, 'I': 19893, 'O': 17870, 'N': 17208, 'S': 16470, 'H': 14700, 'R': 13408, 'L': 10504, 'D': 7987, 'C': 7010, 'U': 6612, 'M': 6421, 'F': 5473, 'Y': 5102, 'W': 4602, 'G': 4512, 'P': 4069, 'B': 3908, 'V': 2431, 'K': 1486, 'X': 526, 'J': 257, 'Q': 221, 'Z': 99, '1': 2, '8': 2, '7': 2, '0': 1}","{'E': 33585, 'T': 28717, 'A': 23566, 'I': 22735, 'O': 20423, 'N': 19666, 'S': 18823, 'H': 16800, 'R': 15323, 'L': 12005, 'D': 9128, 'C': 8011, 'U': 7557, 'M': 7338, 'F': 6255, 'Y': 5831, 'W': 5259, 'G': 5157, 'P': 4650, 'B': 4466, 'V': 2778, 'K': 1698, 'X': 601, 'J': 294, 'Q': 253, 'Z': 113, '1': 2, '8': 2, '7': 2, '0': 1}",0.9999967894833672,0.0180642972245384,1.5333333333333334,11.266666666666667,0.0180642972245384,285.6,16.899704139422088,0.0054840491815985,50,88277889.38111113,0.9999985738986944,0.999996762834432,0.9999985738986944,0.999999191191104,0.999997765090952,0.999996762834432,579,584,0.0102564102564102,0.0017094017094017,1.0,1.0,1.0,1.0,1.0,1.0,1.0,1.0,1.0,0.986206896551724,0.4960960565159359,0.5051282051282051,0.5051282051282051,0.5051282051282051
0.9,10,"{'E': 30161, 'T': 25839, 'A': 21200, 'I': 20453, 'O': 18365, 'N': 17685, 'S': 16990, 'H': 15111, 'R': 13808, 'L': 10825, 'D': 8175, 'C': 7202, 'U': 6780, 'M': 6621, 'F': 5626, 'Y': 5255, 'W': 4732, 'G': 4642, 'P': 4182, 'B': 4016, 'V': 2511, 'K': 1535, 'X': 546, 'J': 265, 'Q': 229, 'Z': 102, '8': 2, '7': 2, '0': 2, '1': 2}","{'E': 33512, 'T': 28710, 'A': 23556, 'I': 22726, 'O': 20406, 'N': 19650, 'S': 18878, 'H': 16790, 'R': 15342, 'L': 12028, 'D': 9083, 'C': 8002, 'U': 7533, 'M': 7357, 'F': 6251, 'Y': 5839, 'W': 5258, 'G': 5158, 'P': 4647, 'B': 4462, 'V': 2790, 'K': 1706, 'X': 607, 'J': 294, 'Q': 254, 'Z': 113, '8': 2, '7': 2, '0': 2, '1': 2}",0.9999987091008876,0.0010860461443134,-1.1,7.3,0.0010860461443134,115.1,10.72846680565308,2.3502111813055377e-06,28,88209376.75555553,0.999999370671782,0.9999986953860054,0.999999370671782,0.9999996737876212,0.9999990444596089,0.9999986953860054,581,585,0.0068376068376068,0.0,1.0,1.0,1.0,1.0,1.0,1.0,1.0,1.0,1.0,1.0,0.5028757803466467,0.5034188034188034,0.5034188034188034,0.5034188034188034
0.925,10,"{'E': 31014, 'T': 26563, 'A': 21758, 'I': 21012, 'O': 18897, 'N': 18187, 'S': 17444, 'H': 15522, 'R': 14191, 'L': 11124, 'D': 8420, 'C': 7421, 'U': 6982, 'M': 6804, 'F': 5787, 'Y': 5398, 'W': 4857, 'G': 4771, 'P': 4305, 'B': 4117, 'V': 2572, 'K': 1573, 'X': 559, 'J': 271, 'Q': 234, 'Z': 105, '8': 2, '7': 2, '0': 2, '1': 2}","{'E': 33529, 'T': 28717, 'A': 23522, 'I': 22716, 'O': 20429, 'N': 19662, 'S': 18858, 'H': 16781, 'R': 15342, 'L': 12026, 'D': 9103, 'C': 8023, 'U': 7548, 'M': 7356, 'F': 6256, 'Y': 5836, 'W': 5251, 'G': 5158, 'P': 4654, 'B': 4451, 'V': 2781, 'K': 1701, 'X': 604, 'J': 293, 'Q': 253, 'Z': 114, '8': 2, '7': 2, '0': 2, '1': 2}",0.9999996167767232,0.000775617601667,-0.7,3.7666666666666666,0.000775617601667,34.3,5.856620185738529,3.058161128242579e-06,22,88214898.58222225,0.9999998153344272,0.9999996112227628,0.9999998153344272,0.999999902794207,0.999999718128652,0.9999996112227628,583,585,0.0034188034188034,0.0,1.0,1.0,1.0,1.0,1.0,1.0,1.0,1.0,1.0,1.0,0.5013215929085681,0.5017094017094017,0.5017094017094017,0.5017094017094017
0.95,10,"{'E': 31840, 'T': 27260, 'A': 22353, 'I': 21609, 'O': 19422, 'N': 18668, 'S': 17925, 'H': 15958, 'R': 14583, 'L': 11426, 'D': 8654, 'C': 7610, 'U': 7169, 'M': 6973, 'F': 5934, 'Y': 5555, 'W': 4990, 'G': 4905, 'P': 4420, 'B': 4226, 'V': 2649, 'K': 1614, 'X': 577, 'J': 280, 'Q': 243, 'Z': 108, '1': 2, '8': 2, '7': 2, '0': 2}","{'E': 33516, 'T': 28695, 'A': 23529, 'I': 22746, 'O': 20444, 'N': 19651, 'S': 18868, 'H': 16798, 'R': 15351, 'L': 12027, 'D': 9109, 'C': 8011, 'U': 7546, 'M': 7340, 'F': 6246, 'Y': 5847, 'W': 5253, 'G': 5163, 'P': 4653, 'B': 4448, 'V': 2788, 'K': 1699, 'X': 607, 'J': 295, 'Q': 256, 'Z': 114, '1': 2, '8': 2, '7': 2, '0': 2}",0.9999993548715912,0.0015590162492505,0.5,5.566666666666666,0.0015590162492505,57.16666666666666,7.560864148142503,9.582573119774463e-06,19,88215610.32888886,0.9999996834345796,0.9999993520379378,0.9999996834345796,0.9999998379916628,0.9999995214262934,0.9999993520379378,583,586,0.0034188034188034,-0.0017094017094017,1.0,1.0,1.0,1.0,1.0,1.0,1.0,1.0,1.0,1.0,0.5009298935847765,0.5017094017094017,0.5017094017094017,0.5017094017094017
0.975,10,"{'E': 32690, 'T': 27997, 'A': 22942, 'I': 22172, 'O': 19940, 'N': 19166, 'S': 18381, 'H': 16363, 'R': 14951, 'L': 11717, 'D': 8879, 'C': 7813, 'U': 7345, 'M': 7176, 'F': 6093, 'Y': 5706, 'W': 5122, 'G': 5044, 'P': 4540, 'B': 4337, 'V': 2716, 'K': 1658, 'X': 592, 'J': 285, 'Q': 246, 'Z': 111, '1': 2, '8': 2, '7': 2, '0': 2}","{'E': 33528, 'T': 28715, 'A': 23530, 'I': 22741, 'O': 20451, 'N': 19657, 'S': 18852, 'H': 16783, 'R': 15334, 'L': 12017, 'D': 9107, 'C': 8013, 'U': 7533, 'M': 7360, 'F': 6249, 'Y': 5852, 'W': 5253, 'G': 5173, 'P': 4656, 'B': 4448, 'V': 2786, 'K': 1701, 'X': 607, 'J': 292, 'Q': 252, 'Z': 114, '1': 2, '8': 2, '7': 2, '0': 2}",0.9999995651412624,0.0011381989200805,0.6333333333333333,4.5,0.0011381989200805,38.766666666666666,6.226288353960702,4.307894852509852e-06,20,88226668.33777776,0.9999997826923795,0.9999995605948232,0.9999997826923795,0.9999998901503844,0.999999672842788,0.9999995605948232,583,585,0.0034188034188034,0.0,1.0,1.0,1.0,1.0,1.0,1.0,1.0,1.0,1.0,1.0,0.5011403022493615,0.5017094017094017,0.5017094017094017,0.5017094017094017
1.0,10,"{'E': 33535, 'T': 28708, 'A': 23528, 'I': 22738, 'O': 20431, 'N': 19659, 'S': 18860, 'H': 16782, 'R': 15341, 'L': 12025, 'D': 9098, 'C': 8019, 'U': 7541, 'M': 7351, 'F': 6252, 'Y': 5848, 'W': 5254, 'G': 5164, 'P': 4648, 'B': 4453, 'V': 2784, 'K': 1702, 'X': 605, 'J': 293, 'Q': 253, 'Z': 113, '1': 2, '8': 2, '7': 2, '0': 2}","{'E': 33535, 'T': 28708, 'A': 23528, 'I': 22738, 'O': 20431, 'N': 19659, 'S': 18860, 'H': 16782, 'R': 15341, 'L': 12025, 'D': 9098, 'C': 8019, 'U': 7541, 'M': 7351, 'F': 6252, 'Y': 5848, 'W': 5254, 'G': 5164, 'P': 4648, 'B': 4453, 'V': 2784, 'K': 1702, 'X': 605, 'J': 293, 'Q': 253, 'Z': 113, '1': 2, '8': 2, '7': 2, '0': 2}",1.0,0.0,0.0,0.0,0.0,0.0,0.0,0.0,0,88225329.84555553,1.0,1.0,1.0,1.0,1.0,1.0,585,585,0.0,0.0,1.0,1.0,1.0,1.0,1.0,1.0,1.0,1.0,1.0,1.0,0.5,0.5,0.5,0.5
